Language,Season Number,Name,Profession,Gender,Entry Date,Elimination Date,Elimination Week Number,Wild Card,Season Length,Number of Housemates,Season Start Date,Season End Date,Host Name,Prize Money (INR),Broadcasted By,Average TRP,Number of Evictions Faced,Number of re-entries,Number of times elected as Captain,Social Media Popularity,Winner
Hindi,1,Amit Sadh,Soap Actor,Male,03-Nov-06,,10,No,86,15,03-Nov-06,26-Jan-07,Arshad Warsi,0,Sony TV,2.72,3,0,0,,0
Hindi,1,Anupama Verma,Model,Female,03-Nov-06,,5,No,86,15,03-Nov-06,26-Jan-07,Arshad Warsi,0,Sony TV,2.72,1,0,0,,0
Hindi,1,Aryan Vaid,Pageant Winner,Male,03-Nov-06,,4,No,86,15,03-Nov-06,26-Jan-07,Arshad Warsi,0,Sony TV,2.72,1,0,0,,0
Hindi,1,Bobby Darling,LGBT,Transgender,03-Nov-06,,1,No,86,15,03-Nov-06,26-Jan-07,Arshad Warsi,0,Sony TV,2.72,1,0,0,,0
Hindi,1,Carol Gracias,Model,Female,03-Nov-06,26-Jan-07,12,No,86,15,03-Nov-06,26-Jan-07,Arshad Warsi,0,Sony TV,2.72,6,0,0,,0
Hindi,1,Deepak Parashar,Actor,Male,03-Nov-06,,2,No,86,15,03-Nov-06,26-Jan-07,Arshad Warsi,0,Sony TV,2.72,1,0,0,,0
Hindi,1,Kashmira Shah,Actress,Female,03-Nov-06,,3,No,86,15,03-Nov-06,26-Jan-07,Arshad Warsi,0,Sony TV,2.72,1,0,0,,0
Hindi,1,Ragini Shetty,Commoner,Female,03-Nov-06,,7,No,86,15,03-Nov-06,26-Jan-07,Arshad Warsi,0,Sony TV,2.72,3,0,0,,0
Hindi,1,Rahul Roy,Actor,Male,03-Nov-06,NA,NA,No,86,15,03-Nov-06,26-Jan-07,Arshad Warsi,"1,00,00,000",Sony TV,2.72,4,0,0,,1
Hindi,1,Rakhi Sawant,Actress,Female,03-Nov-06,,11,No,86,15,03-Nov-06,26-Jan-07,Arshad Warsi,0,Sony TV,2.72,5,1,0,,0
Hindi,1,Ravi Kishan,Actor,Male,03-Nov-06,26-Jan-07,12,No,86,15,03-Nov-06,26-Jan-07,Arshad Warsi,0,Sony TV,2.72,5,0,0,,0
Hindi,1,Roopali Ganguly,Soap Actress,Female,03-Nov-06,,9,No,86,15,03-Nov-06,26-Jan-07,Arshad Warsi,0,Sony TV,2.72,6,0,0,,0
Hindi,1,Salil Ankola,Sports Person,Male,03-Nov-06,,1,No,86,15,03-Nov-06,26-Jan-07,Arshad Warsi,0,Sony TV,2.72,0,0,0,,0
Hindi,1,Deepak Tijori,Actor,Male,,,6,Yes,86,15,03-Nov-06,26-Jan-07,Arshad Warsi,0,Sony TV,2.72,2,0,0,,0
Hindi,1,Baba Sehgal,Singer,Male,,,8,Yes,86,15,03-Nov-06,26-Jan-07,Arshad Warsi,0,Sony TV,2.72,1,0,0,,0
Hindi,2,Ahsaan Qureshi  ,Comedian,Male,17-Aug-08,,9,No,98,15,17-Aug-08,22-Nov-08,Shilpa Shetty,0,Colors,2.89,1,0,0,,0
Hindi,2,Ashutosh Kaushik,Reality Show Alumni,Male,17-Aug-08,NA,NA,No,98,15,17-Aug-08,22-Nov-08,Shilpa Shetty,"1,00,00,000",Colors,2.89,4,0,0,,1
Hindi,2,Debojit Saha    ,Singer,Male,17-Aug-08,,10,No,98,15,17-Aug-08,22-Nov-08,Shilpa Shetty,0,Colors,2.89,2,0,0,,0
Hindi,2,Elina Wadiwala  ,Model,Female,17-Aug-08,,5,No,98,15,17-Aug-08,22-Nov-08,Shilpa Shetty,0,Colors,2.89,2,0,0,,0
Hindi,2,Jade Goody      ,International Star,Female,17-Aug-08,NA,NA,No,98,15,17-Aug-08,22-Nov-08,Shilpa Shetty,0,Colors,2.89,0,0,0,,0
Hindi,2,Ketaki Dave     ,Soap Actress,Female,17-Aug-08,,4,No,98,15,17-Aug-08,22-Nov-08,Shilpa Shetty,0,Colors,2.89,1,0,0,,0
Hindi,2,Monica Bedi     ,Actress,Female,17-Aug-08,,13,No,98,15,17-Aug-08,22-Nov-08,Shilpa Shetty,0,Colors,2.89,2,1,0,,0
Hindi,2,Payal Rohatgi   ,Actress,Female,17-Aug-08,,8,No,98,15,17-Aug-08,22-Nov-08,Shilpa Shetty,0,Colors,2.89,2,0,0,,0
Hindi,2,Rahul Mahajan   ,Politician,Male,17-Aug-08,NA,NA,No,98,15,17-Aug-08,22-Nov-08,Shilpa Shetty,0,Colors,2.89,4,0,0,,0
Hindi,2,Raja Chaudhary  ,Actor,Male,17-Aug-08,22-Nov-08,14,No,98,15,17-Aug-08,22-Nov-08,Shilpa Shetty,0,Colors,2.89,5,0,0,,0
Hindi,2,Rakhee Tandon    ,Actress,Female,17-Aug-08,,2,No,98,15,17-Aug-08,22-Nov-08,Shilpa Shetty,0,Colors,2.89,1,0,0,,0
Hindi,2,Sambhavna Seth  ,Actress,Female,17-Aug-08,,7,No,98,15,17-Aug-08,22-Nov-08,Shilpa Shetty,0,Colors,2.89,1,0,0,,0
Hindi,2,Sanjay Nirupam  ,Politician,Male,17-Aug-08,,1,No,98,15,17-Aug-08,22-Nov-08,Shilpa Shetty,0,Colors,2.89,1,0,0,,0
Hindi,2,Zulfi Syed      ,Model,Male,17-Aug-08,22-Nov-08,14,No,98,15,17-Aug-08,22-Nov-08,Shilpa Shetty,0,Colors,2.89,3,0,0,,0
Hindi,2,Diana Hayden    ,Pageant Winner,Female,,,12,Yes,98,15,17-Aug-08,22-Nov-08,Shilpa Shetty,0,Colors,2.89,1,0,0,,0
Hindi,3,Aditi Gowitrikar,Actress,Female,04-Oct-09,,10,No,84,15,04-Oct-09,26-Dec-09,Amitabh Bachchan,0,Colors,2.83,3,0,0,,0
Hindi,3,Bakhtiyaar Irani,Soap Actor,Male,04-Oct-09,,NA,No,84,15,04-Oct-09,26-Dec-09,Amitabh Bachchan,0,Colors,2.83,6,0,0,,0
Hindi,3,Claudia Ciesla,Model,Female,04-Oct-09,,9,No,84,15,04-Oct-09,26-Dec-09,Amitabh Bachchan,0,Colors,2.83,2,0,0,,0
Hindi,3,Ismail Darbar,Singer,Male,04-Oct-09,,4,No,84,15,04-Oct-09,26-Dec-09,Amitabh Bachchan,0,Colors,2.83,1,0,0,,0
Hindi,3,Jaya Sawant,Commoner,Female,04-Oct-09,,1,No,84,15,04-Oct-09,26-Dec-09,Amitabh Bachchan,0,Colors,2.83,1,0,0,,0
Hindi,3,Kamal Rashid Khan,Film Director,Male,04-Oct-09,,2,No,84,15,04-Oct-09,26-Dec-09,Amitabh Bachchan,0,Colors,2.83,3,1,0,,0
Hindi,3,Poonam Dhillon,Actress,Female,04-Oct-09,,12,No,84,15,04-Oct-09,26-Dec-09,Amitabh Bachchan,0,Colors,2.83,3,0,0,,0
Hindi,3,Raju Srivastav,Comedian,Male,04-Oct-09,,8,No,84,15,04-Oct-09,26-Dec-09,Amitabh Bachchan,0,Colors,2.83,1,0,0,,0
Hindi,3,Rohit Verma,Fashion Designer,Male,04-Oct-09,,7,No,84,15,04-Oct-09,26-Dec-09,Amitabh Bachchan,0,Colors,2.83,2,0,0,,0
Hindi,3,Shamita Shetty,Actress,Female,04-Oct-09,,NA,No,84,15,04-Oct-09,26-Dec-09,Amitabh Bachchan,0,Colors,2.83,0,0,0,,0
Hindi,3,Sherlyn Chopra,Actress,Female,04-Oct-09,,3,No,84,15,04-Oct-09,26-Dec-09,Amitabh Bachchan,0,Colors,2.83,4,0,0,,0
Hindi,3,Tanaaz Irani,Actress,Female,04-Oct-09,,5,No,84,15,04-Oct-09,26-Dec-09,Amitabh Bachchan,0,Colors,2.83,2,0,0,,0
Hindi,3,Vindu Dara Singh,Actor,Male,04-Oct-09,NA,NA,No,84,15,04-Oct-09,26-Dec-09,Amitabh Bachchan,"1,00,00,000",Colors,2.83,7,0,0,,1
Hindi,3,Vinod Kambli,Sports Person,Male,,,6,Yes,84,15,04-Oct-09,26-Dec-09,Amitabh Bachchan,0,Colors,2.83,1,0,0,,0
Hindi,3,Pravesh Rana,Model,Male,,,12,Yes,84,15,04-Oct-09,26-Dec-09,Amitabh Bachchan,0,Colors,2.83,4,0,0,,0
Hindi,4,Aanchal Kumar,Model,Female,03-Oct-10,,10,No,96,16,03-Oct-10,08-Jan-11,Salman Khan,0,Colors,4.95,2,0,0,,0
Hindi,4,Abbas Kazmi,Lawyer,Male,03-Oct-10,,1,No,96,16,03-Oct-10,08-Jan-11,Salman Khan,0,Colors,4.95,1,0,0,,0
Hindi,4,Ashmit Patel,Actor,Male,03-Oct-10,08-Jan-11,14,No,96,16,03-Oct-10,08-Jan-11,Salman Khan,0,Colors,4.95,5,0,1,,0
Hindi,4,Ali Saleem (Begum),TV Anchor,Male,03-Oct-10,,3,No,96,16,03-Oct-10,08-Jan-11,Salman Khan,0,Colors,4.95,1,0,1,,0
Hindi,4,Devinder Singh,Controversial Fame,Male,03-Oct-10,,1,No,96,16,03-Oct-10,08-Jan-11,Salman Khan,0,Colors,4.95,1,0,0,,0
Hindi,4,Hrishant Goswami,Model,Male,03-Oct-10,,8,No,96,16,03-Oct-10,08-Jan-11,Salman Khan,0,Colors,4.95,3,0,1,,0
Hindi,4,Manoj Tiwari,Actor,Male,03-Oct-10,,9,No,96,16,03-Oct-10,08-Jan-11,Salman Khan,0,Colors,4.95,2,0,1,,0
Hindi,4,Rahul Bhatt,Actor,Male,03-Oct-10,,5,No,96,16,03-Oct-10,08-Jan-11,Salman Khan,0,Colors,4.95,1,0,1,,0
Hindi,4,Sakshi Pradhan,Reality Show Alumni,Female,03-Oct-10,,2,No,96,16,03-Oct-10,08-Jan-11,Salman Khan,0,Colors,4.95,1,0,0,,0
Hindi,4,Samir Soni,Actor,Male,03-Oct-10,,13,No,96,16,03-Oct-10,08-Jan-11,Salman Khan,0,Colors,4.95,7,0,0,,0
Hindi,4,Sara Khan,Soap Actress,Female,03-Oct-10,,4,No,96,16,03-Oct-10,08-Jan-11,Salman Khan,0,Colors,4.95,5,0,0,,0
Hindi,4,Seema Parihar,Politician,Female,03-Oct-10,,11,No,96,16,03-Oct-10,08-Jan-11,Salman Khan,0,Colors,4.95,4,0,1,,0
Hindi,4,Shweta Tiwari,Soap Actress,Female,03-Oct-10,NA,NA,No,96,16,03-Oct-10,08-Jan-11,Salman Khan,"1,00,00,000",Colors,4.95,4,0,2,,1
Hindi,4,Veena Malik,Actress,Female,03-Oct-10,,12,No,96,16,03-Oct-10,08-Jan-11,Salman Khan,0,Colors,4.95,5,0,0,,0
Hindi,4,Dalip Singh Rana (Khali),Wrestler,Male,,08-Jan-11,14,Yes,96,16,03-Oct-10,08-Jan-11,Salman Khan,0,Colors,4.95,2,0,2,,0
Hindi,4,Dolly Bindra,Actress,Female,,08-Jan-11,14,Yes,96,16,03-Oct-10,08-Jan-11,Salman Khan,0,Colors,4.95,4,0,1,,0
Hindi,5,Gulabo Sapera,Choreographer,Female,02-Oct-11,,2,No,98,18,02-Oct-11,07-Jan-12,Salman Khan/Sanjay Dutt,0,Colors,4.19,1,0,0,,0
Hindi,5,Juhi Parmar,Soap Actress,Female,02-Oct-11,NA,NA,No,98,18,02-Oct-11,07-Jan-12,Salman Khan/Sanjay Dutt,"1,00,00,000",Colors,4.19,4,0,1,,1
Hindi,5,Laxmi Narayan Tripathi,LGBT,Transgender,02-Oct-11,,6,No,98,18,02-Oct-11,07-Jan-12,Salman Khan/Sanjay Dutt,0,Colors,4.19,1,0,0,,0
Hindi,5,Mahek Chahal,Actress,Female,02-Oct-11,07-Jan-12,14,No,98,18,02-Oct-11,07-Jan-12,Salman Khan/Sanjay Dutt,0,Colors,4.19,8,1,1,,0
Hindi,5,Mandeep Bevli,News Presenter,Female,02-Oct-11,,5,No,98,18,02-Oct-11,07-Jan-12,Salman Khan/Sanjay Dutt,0,Colors,4.19,2,0,1,,0
Hindi,5,Nihita Biswas,Controversial Fame,Female,02-Oct-11,,1,No,98,18,02-Oct-11,07-Jan-12,Salman Khan/Sanjay Dutt,0,Colors,4.19,1,0,0,,0
Hindi,5,Pooja Bedi,News Presenter,Female,02-Oct-11,,8,No,98,18,02-Oct-11,07-Jan-12,Salman Khan/Sanjay Dutt,0,Colors,4.19,2,0,0,,0
Hindi,5,Pooja Misrra,Reality Show Alumni,Female,02-Oct-11,NA,NA,No,98,18,02-Oct-11,07-Jan-12,Salman Khan/Sanjay Dutt,0,Colors,4.19,6,1,0,,0
Hindi,5,Raageshwari Loomba,Singer,Female,02-Oct-11,,3,No,98,18,02-Oct-11,07-Jan-12,Salman Khan/Sanjay Dutt,0,Colors,4.19,1,0,0,,0
Hindi,5,Shakti Kapoor,Actor,Male,02-Oct-11,,4,No,98,18,02-Oct-11,07-Jan-12,Salman Khan/Sanjay Dutt,0,Colors,4.19,1,0,2,,0
Hindi,5,Shonali Nagrani,Actress,Female,02-Oct-11,,11,No,98,18,02-Oct-11,07-Jan-12,Salman Khan/Sanjay Dutt,0,Colors,4.19,4,0,2,,0
Hindi,5,Shraddha Sharma,Soap Actress,Female,02-Oct-11,,9,No,98,18,02-Oct-11,07-Jan-12,Salman Khan/Sanjay Dutt,0,Colors,4.19,3,0,1,,0
Hindi,5,Sonika Kaliraman,Wrestler,Female,02-Oct-11,NA,NA,No,98,18,02-Oct-11,07-Jan-12,Salman Khan/Sanjay Dutt,0,Colors,4.19,0,0,0,,0
Hindi,5,Vida Samadzai,Pageant Winner,Female,02-Oct-11,,7,No,98,18,02-Oct-11,07-Jan-12,Salman Khan/Sanjay Dutt,0,Colors,4.19,1,0,0,,0
Hindi,5,Amar Upadhyay,Actor,Male,,07-Jan-12,14,Yes,98,18,02-Oct-11,07-Jan-12,Salman Khan/Sanjay Dutt,0,Colors,4.19,7,0,1,,0
Hindi,5,Siddharth Bhardwaj,Reality Show Alumni,Male,,07-Jan-12,14,Yes,98,18,02-Oct-11,07-Jan-12,Salman Khan/Sanjay Dutt,0,Colors,4.19,5,0,0,,0
Hindi,5,Akashdeep Saigal,Actor,Male,,07-Jan-12,14,Yes,98,18,02-Oct-11,07-Jan-12,Salman Khan/Sanjay Dutt,0,Colors,4.19,5,0,1,,0
Hindi,5,Sunny Leone,Actress,Female,,,13,Yes,98,18,02-Oct-11,07-Jan-12,Salman Khan/Sanjay Dutt,0,Colors,4.19,3,0,0,,0
Hindi,6,Aashka Goradia,Soap Actress,Female,07-Oct-12,,12,No,97,19,07-Oct-12,12-Jan-13,Salman Khan,0,Colors,3.81,3,0,1,,0
Hindi,6,Aseem Trivedi,Cartoonist,Male,07-Oct-12,,4,No,97,19,07-Oct-12,12-Jan-13,Salman Khan,0,Colors,3.81,2,0,0,,0
Hindi,6,Delnaaz Irani,Actress,Female,07-Oct-12,09-Jan-13,14,No,97,19,07-Oct-12,12-Jan-13,Salman Khan,0,Colors,3.81,5,0,2,,0
Hindi,6,Dinesh Lal Yadav,Actor,Male,07-Oct-12,,10,No,97,19,07-Oct-12,12-Jan-13,Salman Khan,0,Colors,3.81,3,1,0,,0
Hindi,6,Karishma Kotak,Model,Female,07-Oct-12,,12,No,97,19,07-Oct-12,12-Jan-13,Salman Khan,0,Colors,3.81,4,1,1,,0
Hindi,6,Kashif Qureshi,Commoner,Male,07-Oct-12,,2,No,97,19,07-Oct-12,12-Jan-13,Salman Khan,0,Colors,3.81,1,0,0,,0
Hindi,6,Navjot Singh Sidhu,Sports Person,Male,07-Oct-12,NA,NA,No,97,19,07-Oct-12,12-Jan-13,Salman Khan,0,Colors,3.81,1,0,0,,0
Hindi,6,Niketan Madhok,Model,Male,07-Oct-12,12-Jan-13,14,No,97,19,07-Oct-12,12-Jan-13,Salman Khan,0,Colors,3.81,5,0,2,,0
Hindi,6,Rajeev Paul,Soap Actor,Male,07-Oct-12,11-Jan-13,14,No,97,19,07-Oct-12,12-Jan-13,Salman Khan,0,Colors,3.81,7,0,0,,0
Hindi,6,Sampat Pal Devi,Commoner,Female,07-Oct-12,,5,No,97,19,07-Oct-12,12-Jan-13,Salman Khan,0,Colors,3.81,4,0,0,,0
Hindi,6,Sana Khan,Actress,Female,07-Oct-12,12-Jan-13,14,No,97,19,07-Oct-12,12-Jan-13,Salman Khan,0,Colors,3.81,9,0,1,,0
Hindi,6,Sapna Bhavnani,Celebrity Hairstylist,Female,07-Oct-12,,13,No,97,19,07-Oct-12,12-Jan-13,Salman Khan,0,Colors,3.81,8,0,1,,0
Hindi,6,Sayantani Ghosh,Model,Female,07-Oct-12,,3,No,97,19,07-Oct-12,12-Jan-13,Salman Khan,0,Colors,3.81,1,0,0,,0
Hindi,6,Urvashi Dholakia,Soap Actress,Female,07-Oct-12,NA,NA,No,97,19,07-Oct-12,12-Jan-13,Salman Khan,"50,00,000",Colors,3.81,6,0,1,,1
Hindi,6,Vrajesh Hirjee,Actor,Male,07-Oct-12,,9,No,97,19,07-Oct-12,12-Jan-13,Salman Khan,0,Colors,3.81,4,0,1,,0
Hindi,6,Vishal Karwal,Soap Actor,Male,,,11,Yes,97,19,07-Oct-12,12-Jan-13,Salman Khan,0,Colors,3.81,5,0,0,,0
Hindi,6,Mink Brar,Model,Female,,,9,Yes,97,19,07-Oct-12,12-Jan-13,Salman Khan,0,Colors,3.81,2,0,0,,0
Hindi,6,Imam Siddique,Reality Show Alumni,Male,,12-Jan-13,14,Yes,97,19,07-Oct-12,12-Jan-13,Salman Khan,0,Colors,3.81,6,1,1,,0
Hindi,6,Santosh Shukla,Actor,Male,,,11,Yes,97,19,07-Oct-12,12-Jan-13,Salman Khan,0,Colors,3.81,3,0,0,,0
Hindi,7,Anita Advani,Actress,Female,15-Sep-13,,4,No,105,20,15-Sep-13,28-Dec-13,Salman Khan,0,Colors,4.4,1,0,0,,0
Hindi,7,Apurva Agnihotri,Actor,Male,15-Sep-13,,7,No,105,20,15-Sep-13,28-Dec-13,Salman Khan,0,Colors,4.4,1,0,1,,0
Hindi,7,Armaan Kohli,Actor,Male,15-Sep-13,,14,No,105,20,15-Sep-13,28-Dec-13,Salman Khan,0,Colors,4.4,6,0,1,,0
Hindi,7,Elli Avram,International Star,Female,15-Sep-13,,10,No,105,20,15-Sep-13,28-Dec-13,Salman Khan,0,Colors,4.4,5,0,1,,0
Hindi,7,Gauhar Khan,Actress,Female,15-Sep-13,NA,NA,No,105,20,15-Sep-13,28-Dec-13,Salman Khan,"50,00,000",Colors,4.4,7,0,2,,1
Hindi,7,Hazel Keech,International Star,Female,15-Sep-13,,1,No,105,20,15-Sep-13,28-Dec-13,Salman Khan,0,Colors,4.4,1,0,0,,0
Hindi,7,Kamya Panjabi,Soap Actress,Female,15-Sep-13,,13,No,105,20,15-Sep-13,28-Dec-13,Salman Khan,0,Colors,4.4,7,0,2,,0
Hindi,7,Kushal Tandon,Model,Male,15-Sep-13,,14,No,105,20,15-Sep-13,28-Dec-13,Salman Khan,0,Colors,4.4,8,1,1,,0
Hindi,7,Pratyusha Banerjee,Actress,Female,15-Sep-13,,9,No,105,20,15-Sep-13,28-Dec-13,Salman Khan,0,Colors,4.4,6,0,0,,0
Hindi,7,Rajat Rawail,Producer,Male,15-Sep-13,,2,No,105,20,15-Sep-13,28-Dec-13,Salman Khan,0,Colors,4.4,1,0,0,,0
Hindi,7,Ratan Rajput,Soap Actress,Female,15-Sep-13,,3,No,105,20,15-Sep-13,28-Dec-13,Salman Khan,0,Colors,4.4,2,0,0,,0
Hindi,7,Sangram Singh,Wrestler,Male,15-Sep-13,28-Dec-13,15,No,105,20,15-Sep-13,28-Dec-13,Salman Khan,0,Colors,4.4,6,0,2,,0
Hindi,7,Shilpa Sakhlani,Actress,Female,15-Sep-13,,5,No,105,20,15-Sep-13,28-Dec-13,Salman Khan,0,Colors,4.4,1,0,0,,0
Hindi,7,Tanisha Mukherjee,Actress,Female,15-Sep-13,28-Dec-13,15,No,105,20,15-Sep-13,28-Dec-13,Salman Khan,0,Colors,4.4,10,0,2,,0
Hindi,7,VJ Andy,Video Jockey,Male,15-Sep-13,,14,No,105,20,15-Sep-13,28-Dec-13,Salman Khan,0,Colors,4.4,8,0,1,,0
Hindi,7,Asif Azim,Model,Male,,,6,Yes,105,20,15-Sep-13,28-Dec-13,Salman Khan,0,Colors,4.4,4,0,0,,0
Hindi,7,Vivek Mishra,Model,Male,,,6,Yes,105,20,15-Sep-13,28-Dec-13,Salman Khan,0,Colors,4.4,1,0,0,,0
Hindi,7,Ajaz Khan,Actor,Male,,28-Dec-13,15,Yes,105,20,15-Sep-13,28-Dec-13,Salman Khan,0,Colors,4.4,7,0,0,,0
Hindi,7,Candy Brar,Model,Female,,,8,Yes,105,20,15-Sep-13,28-Dec-13,Salman Khan,0,Colors,4.4,1,0,0,,0
Hindi,7,Sofia Hayat,International Star,Female,,,12,Yes,105,20,15-Sep-13,28-Dec-13,Salman Khan,0,Colors,4.4,3,0,1,,0
Hindi,8,Arya Babbar,Actor,Male,21-Sep-14,,8,No,105,19,21-Sep-14,03-Jan-15,Salman Khan/Farah Khan,0,Colors,3.77,3,0,0,,0
Hindi,8,Deepshikha Nagpal,Actress,Female,21-Sep-14,,3,No,105,19,21-Sep-14,03-Jan-15,Salman Khan/Farah Khan,0,Colors,3.77,1,0,0,,0
Hindi,8,Diandra Soares,Model,Female,21-Sep-14,,12,No,105,19,21-Sep-14,03-Jan-15,Salman Khan/Farah Khan,0,Colors,3.77,4,0,1,,0
Hindi,8,Gautam Gulati,Actor,Male,21-Sep-14,NA,NA,No,105,19,21-Sep-14,03-Jan-15,Salman Khan/Farah Khan,"50,00,000",Colors,3.77,10,0,1,,1
Hindi,8,Karishma Tanna,Actress,Female,21-Sep-14,03-Jan-15,15,No,105,19,21-Sep-14,03-Jan-15,Salman Khan/Farah Khan,0,Colors,3.77,7,0,1,,0
Hindi,8,Minissha Lamba,Actress,Female,21-Sep-14,,6,No,105,19,21-Sep-14,03-Jan-15,Salman Khan/Farah Khan,0,Colors,3.77,3,0,0,,0
Hindi,8,Natasa Stankovic,Model,Female,21-Sep-14,,4,No,105,19,21-Sep-14,03-Jan-15,Salman Khan/Farah Khan,0,Colors,3.77,2,0,0,,0
Hindi,8,Praneet Bhat,Soap Actor,Male,21-Sep-14,,13,No,105,19,21-Sep-14,03-Jan-15,Salman Khan/Farah Khan,0,Colors,3.77,6,0,0,,0
Hindi,8,Pritam Singh,Radio Jockey,Male,21-Sep-14,03-Jan-15,15,No,105,19,21-Sep-14,03-Jan-15,Salman Khan/Farah Khan,0,Colors,3.77,6,0,1,,0
Hindi,8,Puneet Issar,Actor,Male,21-Sep-14,03-Jan-15,15,No,105,19,21-Sep-14,03-Jan-15,Salman Khan/Farah Khan,0,Colors,3.77,7,1,1,,0
Hindi,8,Sonali Raut,Model,Female,21-Sep-14,03-Jan-15,15,No,105,19,21-Sep-14,03-Jan-15,Salman Khan/Farah Khan,0,Colors,3.77,12,1,0,,0
Hindi,8,Soni Singh,Soap Actress,Female,21-Sep-14,,5,No,105,19,21-Sep-14,03-Jan-15,Salman Khan/Farah Khan,0,Colors,3.77,2,0,0,,0
Hindi,8,Sukirti Kandpal,Model,Female,21-Sep-14,,2,No,105,19,21-Sep-14,03-Jan-15,Salman Khan/Farah Khan,0,Colors,3.77,2,0,0,,0
Hindi,8,Sushant Divgikar,Model,Male,21-Sep-14,,7,No,105,19,21-Sep-14,03-Jan-15,Salman Khan/Farah Khan,0,Colors,3.77,2,0,0,,0
Hindi,8,Upen Patel,Model,Male,21-Sep-14,03-Jan-15,15,No,105,19,21-Sep-14,03-Jan-15,Salman Khan/Farah Khan,0,Colors,3.77,4,0,1,,0
Hindi,8,Ali Quli Mirza,Singer,Male,,03-Jan-15,15,Yes,105,19,21-Sep-14,03-Jan-15,Salman Khan/Farah Khan,0,Colors,3.77,6,0,1,,0
Hindi,8,Renee Dhyani,Reality Show Alumni,Female,,,10,Yes,105,19,21-Sep-14,03-Jan-15,Salman Khan/Farah Khan,0,Colors,3.77,1,0,0,,0
Hindi,8,Dimpy Ganguly,TV Anchor,Female,,03-Jan-15,15,Yes,105,19,21-Sep-14,03-Jan-15,Salman Khan/Farah Khan,0,Colors,3.77,5,0,1,,0
Hindi,8,Nigaar Khan,Soap Actress,Female,,,9,Yes,105,19,21-Sep-14,03-Jan-15,Salman Khan/Farah Khan,0,Colors,3.77,1,0,0,,0
Hindi,9,Aman Verma,Soap Actor,Male,11-Oct-15,,6,No,105,20,11-Oct-15,23-Jan-16,Salman Khan,0,Colors,2.9,5,0,0,,0
Hindi,9,Ankit Gera,Soap Actor,Male,11-Oct-15,,1,No,105,20,11-Oct-15,23-Jan-16,Salman Khan,0,Colors,2.9,1,0,0,,0
Hindi,9,Arvind Vegda,Singer,Male,11-Oct-15,,3,No,105,20,11-Oct-15,23-Jan-16,Salman Khan,0,Colors,2.9,2,0,0,,0
Hindi,9,Digangana Suryavanshi,Soap Actress,Female,11-Oct-15,,8,No,105,20,11-Oct-15,23-Jan-16,Salman Khan,0,Colors,2.9,8,0,0,,0
Hindi,9,Keith Sequeira,Actor,Male,11-Oct-15,19-Jan-16,15,No,105,20,11-Oct-15,23-Jan-16,Salman Khan,0,Colors,2.9,7,1,1,,0
Hindi,9,Kishwar Merchant,Soap Actress,Female,11-Oct-15,NA,NA,No,105,20,11-Oct-15,23-Jan-16,Salman Khan,0,Colors,2.9,0,0,2,,0
Hindi,9,Mandana Karimi,International Star,Female,11-Oct-15,23-Jan-16,15,No,105,20,11-Oct-15,23-Jan-16,Salman Khan,0,Colors,2.9,12,0,0,,0
Hindi,9,Prince Narula,Reality Show Alumni,Male,11-Oct-15,NA,NA,No,105,20,11-Oct-15,23-Jan-16,Salman Khan,"50,00,000",Colors,2.9,6,0,4,,1
Hindi,9,Rimi Sen,Actress,Female,11-Oct-15,,7,No,105,20,11-Oct-15,23-Jan-16,Salman Khan,0,Colors,2.9,8,0,0,,0
Hindi,9,Rochelle Rao,Pageant Winner,Female,11-Oct-15,23-Jan-16,15,No,105,20,11-Oct-15,23-Jan-16,Salman Khan,0,Colors,2.9,8,0,0,,0
Hindi,9,Roopal Tyagi,Soap Actress,Female,11-Oct-15,,2,No,105,20,11-Oct-15,23-Jan-16,Salman Khan,0,Colors,2.9,3,0,0,,0
Hindi,9,Suyyash Rai,Soap Actor,Male,11-Oct-15,,12,No,105,20,11-Oct-15,23-Jan-16,Salman Khan,0,Colors,2.9,6,0,1,,0
Hindi,9,Vikas Bhalla,Actor,Male,11-Oct-15,,3,No,105,20,11-Oct-15,23-Jan-16,Salman Khan,0,Colors,2.9,2,0,1,,0
Hindi,9,Yuvika Chaudhary,Actress,Female,11-Oct-15,,4,No,105,20,11-Oct-15,23-Jan-16,Salman Khan,0,Colors,2.9,2,0,1,,0
Hindi,9,Rishabh Sinha,Soap Actor,Male,,23-Jan-16,15,Yes,105,20,11-Oct-15,23-Jan-16,Salman Khan,0,Colors,2.9,9,0,1,,0
Hindi,9,Puneet Vashist,Actor,Male,,,5,Yes,105,20,11-Oct-15,23-Jan-16,Salman Khan,0,Colors,2.9,1,0,0,,0
Hindi,9,Kanwaljit Singh,Fashion Designer,Male,,,9,Yes,105,20,11-Oct-15,23-Jan-16,Salman Khan,0,Colors,2.9,1,0,0,,0
Hindi,9,Priya Malik,Commoner - Teacher,Female,,,14,Yes,105,20,11-Oct-15,23-Jan-16,Salman Khan,0,Colors,2.9,5,0,2,,0
Hindi,9,Nora Fatehi,Model,Female,,,12,Yes,105,20,11-Oct-15,23-Jan-16,Salman Khan,0,Colors,2.9,1,0,0,,0
Hindi,9,Gizele Thakral,Model,Female,,,11,Yes,105,20,11-Oct-15,23-Jan-16,Salman Khan,0,Colors,2.9,1,0,0,,0
Hindi,10,Akanksha Sharma ,Stage Actress,Female,16-Oct-16,,2,No,105,18,16-Oct-16,28-Jan-17,Salman Khan,0,Colors,3.54,1,0,0,,0
Hindi,10,Antara Biswas,Actress,Female,16-Oct-16,,14,No,105,18,16-Oct-16,28-Jan-17,Salman Khan,0,Colors,3.54,9,0,0,,0
Hindi,10,Gaurav Chopra,Soap Actor,Male,16-Oct-16,,11,No,105,18,16-Oct-16,28-Jan-17,Salman Khan,0,Colors,3.54,5,0,1,,0
Hindi,10,Gurbani Judge,Reality Show Alumni,Female,16-Oct-16,28-Jan-17,15,No,105,18,16-Oct-16,28-Jan-17,Salman Khan,0,Colors,3.54,11,0,1,,0
Hindi,10,Karan Mehra,Soap Actor,Male,16-Oct-16,,5,No,105,18,16-Oct-16,28-Jan-17,Salman Khan,0,Colors,3.54,1,0,0,,0
Hindi,10,Lokesh Kumari Sharma,Commoner - Student,Female,16-Oct-16,,5,No,105,18,16-Oct-16,28-Jan-17,Salman Khan,0,Colors,3.54,2,0,0,,0
Hindi,10,Lopamudra Raut,Model,Female,16-Oct-16,28-Jan-17,15,No,105,18,16-Oct-16,28-Jan-17,Salman Khan,0,Colors,3.54,6,0,1,,0
Hindi,10,Manu Punjabi,Reality Show Alumni,Male,16-Oct-16,NA,NA,No,105,18,16-Oct-16,28-Jan-17,Salman Khan,0,Colors,3.54,4,1,0,,0
Hindi,10,Manveer Gurjar,Commoner - Farmer,Male,16-Oct-16,NA,NA,No,105,18,16-Oct-16,28-Jan-17,Salman Khan,"50,00,000",Colors,3.54,7,0,4,8,1
Hindi,10,Navin Prakash,Commoner - Teacher,Male,16-Oct-16,,4,No,105,18,16-Oct-16,28-Jan-17,Salman Khan,0,Colors,3.54,1,0,0,,0
Hindi,10,Nitibha Kaul,Commoner - Employee,Female,16-Oct-16,,13,No,105,18,16-Oct-16,28-Jan-17,Salman Khan,0,Colors,3.54,7,0,0,,0
Hindi,10,Priyanka Jagga,Commoner - Marketing,Female,16-Oct-16,,8,No,105,18,16-Oct-16,28-Jan-17,Salman Khan,0,Colors,3.54,2,1,0,,0
Hindi,10,Rahul Dev,Actor,Male,16-Oct-16,,9,No,105,18,16-Oct-16,28-Jan-17,Salman Khan,0,Colors,3.54,5,0,0,,0
Hindi,10,Rohan Mehra,Soap Actor,Male,16-Oct-16,24-Jan-17,15,No,105,18,16-Oct-16,28-Jan-17,Salman Khan,0,Colors,3.54,6,0,2,,0
Hindi,10,Swami Om ,Swamiji,Male,16-Oct-16,NA,NA,No,105,18,16-Oct-16,28-Jan-17,Salman Khan,0,Colors,3.54,2,1,0,,0
Hindi,10,Jason Shah,Model,Male,,NA,NA,Yes,105,18,16-Oct-16,28-Jan-17,Salman Khan,0,Colors,3.54,1,0,0,,0
Hindi,10,Elena Kazan,Actress,Female,,,7,Yes,105,18,16-Oct-16,28-Jan-17,Salman Khan,0,Colors,3.54,1,0,0,,0
Hindi,10,Sahil Anand,Actor,Male,,,8,Yes,105,18,16-Oct-16,28-Jan-17,Salman Khan,0,Colors,3.54,1,0,0,,0
Hindi,11,Akash Anil Dadlani,Singer,Male,01-Oct-17,,15,No,106,19,01-Oct-17,14-Jan-18,Salman Khan,0,Colors,7.64,5,0,0,,0
Hindi,11,Arshi Khan,Actress,Female,01-Oct-17,,12,No,106,19,01-Oct-17,14-Jan-18,Salman Khan,0,Colors,7.64,2,0,1,,0
Hindi,11,Bandgi Kalra,Commoner - IT Professional,Female,01-Oct-17,03-Dec-17,9,No,106,19,01-Oct-17,14-Jan-18,Salman Khan,0,Colors,7.64,2,0,1,,0
Hindi,11,Benafsha Soonawalla,Video Jockey,Female,01-Oct-17,19-Nov-17,7,No,106,19,01-Oct-17,14-Jan-18,Salman Khan,0,Colors,7.64,4,0,0,,0
Hindi,11,Hina Khan,Soap Actress,Female,01-Oct-17,,15,No,106,19,01-Oct-17,14-Jan-18,Salman Khan,0,Colors,7.64,8,0,2,,0
Hindi,11,Hiten Tejwani,Soap Actor,Male,01-Oct-17,,11,No,106,19,01-Oct-17,14-Jan-18,Salman Khan,0,Colors,7.64,3,0,1,,0
Hindi,11,Jyoti Kumari,Commoner - Student,Female,01-Oct-17,29-Oct-17,4,No,106,19,01-Oct-17,14-Jan-18,Salman Khan,0,Colors,7.64,3,0,0,,0
Hindi,11,Lucinda Nicholas,International Star,Female,01-Oct-17,16-Oct-17,3,No,106,19,01-Oct-17,14-Jan-18,Salman Khan,0,Colors,7.64,1,0,0,,0
Hindi,11,Luv Tyagi,Commoner - Engineer,Male,01-Oct-17,,14,No,106,19,01-Oct-17,14-Jan-18,Salman Khan,0,Colors,7.64,7,0,1,,0
Hindi,11,Mehjabi Siddiqui,Commoner - Housewife,Female,01-Oct-17,12-Nov-17,6,No,106,19,01-Oct-17,14-Jan-18,Salman Khan,0,Colors,7.64,2,0,0,,0
Hindi,11,Priyank Sharma,Model,Male,01-Oct-17,,13,No,106,19,01-Oct-17,14-Jan-18,Salman Khan,0,Colors,7.64,8,1,0,,0
Hindi,11,Puneesh Sharma,Reality Show Alumni,Male,01-Oct-17,,15,No,106,19,01-Oct-17,14-Jan-18,Salman Khan,0,Colors,7.64,4,0,1,,0
Hindi,11,Sabyasachi Satpathy,TV Anchor,Male,01-Oct-17,12-Nov-17,6,No,106,19,01-Oct-17,14-Jan-18,Salman Khan,0,Colors,7.64,3,0,0,,0
Hindi,11,Sapna Choudhary,Dancer,Female,01-Oct-17,26-Nov-17,8,No,106,19,01-Oct-17,14-Jan-18,Salman Khan,0,Colors,7.64,7,0,0,,0
Hindi,11,Shilpa Shinde,Soap Actress,Female,01-Oct-17,NA,NA,No,106,19,01-Oct-17,14-Jan-18,Salman Khan,"50,00,000",Colors,7.64,9,0,0,9,1
Hindi,11,Sshivani Durga,Swamiji,Female,01-Oct-17,15-Oct-17,2,No,106,19,01-Oct-17,14-Jan-18,Salman Khan,0,Colors,7.64,1,0,0,,0
Hindi,11,Vikas Gupta,Producer,Male,01-Oct-17,,15,No,106,19,01-Oct-17,14-Jan-18,Salman Khan,0,Colors,7.64,5,0,2,,0
Hindi,11,Zubair Khan,Controversial Fame,Male,01-Oct-17,08-Oct-17,1,No,106,19,01-Oct-17,14-Jan-18,Salman Khan,0,Colors,7.64,1,0,0,,0
Hindi,11,Dhinchak Pooja (Jain),Social Media Star,Female,22-Oct-17,05-Nov-17,5,Yes,106,19,01-Oct-17,14-Jan-18,Salman Khan,0,Colors,7.64,1,0,0,,0
Hindi,12,Anup Jalota,Singer,Male,16-Sep-18,,6,No,105,20,16-Sep-18,30-Dec-18,Salman Khan,0,Colors,4.99,2,0,0,,0
Hindi,12,Deepak Thakur,Singer,Male,16-Sep-18,30-Dec-18,15,No,105,20,16-Sep-18,30-Dec-18,Salman Khan,0,Colors,4.99,7,0,1,,0
Hindi,12,Dipika Kakar,Actress,Female,16-Sep-18,NA,NA,No,105,20,16-Sep-18,30-Dec-18,Salman Khan,"50,00,000",Colors,4.99,9,0,0,8,1
Hindi,12,Jasleen Matharu,Singer,Female,16-Sep-18,,12,No,105,20,16-Sep-18,30-Dec-18,Salman Khan,0,Colors,4.99,7,0,0,,0
Hindi,12,Karanvir Bohra,Soap Actor,Male,16-Sep-18,30-Dec-18,15,No,105,20,16-Sep-18,30-Dec-18,Salman Khan,0,Colors,4.99,10,0,1,,0
Hindi,12,Kriti Verma,Reality Show Alumni,Female,16-Sep-18,,2,No,105,20,16-Sep-18,30-Dec-18,Salman Khan,0,Colors,4.99,3,0,1,,0
Hindi,12,Neha Pendse,Actress,Female,16-Sep-18,,4,No,105,20,16-Sep-18,30-Dec-18,Salman Khan,0,Colors,4.99,1,0,1,,0
Hindi,12,Nirmal Singh,Commoner - Police,Male,16-Sep-18,,2,No,105,20,16-Sep-18,30-Dec-18,Salman Khan,0,Colors,4.99,1,0,0,,0
Hindi,12,Romil Chaudhary,Commoner - Lawyer,Male,16-Sep-18,30-Dec-18,15,No,105,20,16-Sep-18,30-Dec-18,Salman Khan,0,Colors,4.99,6,1,3,,0
Hindi,12,Roshmi Banik,Commoner - Business,Female,16-Sep-18,,2,No,105,20,16-Sep-18,30-Dec-18,Salman Khan,0,Colors,4.99,3,0,1,,0
Hindi,12,Saba Khan,Commoner - Receptionist,Female,16-Sep-18,,6,No,105,20,16-Sep-18,30-Dec-18,Salman Khan,0,Colors,4.99,3,0,0,,0
Hindi,12,Saurabh Patel,Actor,Male,16-Sep-18,,5,No,105,20,16-Sep-18,30-Dec-18,Salman Khan,0,Colors,4.99,2,0,0,,0
Hindi,12,Shanthakumaran Sreesanth,Sports Person,Male,16-Sep-18,30-Dec-18,15,No,105,20,16-Sep-18,30-Dec-18,Salman Khan,0,Colors,4.99,7,0,1,,0
Hindi,12,Shivashish Mishra,Businessman,Male,16-Sep-18,,9,No,105,20,16-Sep-18,30-Dec-18,Salman Khan,0,Colors,4.99,4,0,1,,0
Hindi,12,Somi Khan,Commoner - Sales Manager,Female,16-Sep-18,,14,No,105,20,16-Sep-18,30-Dec-18,Salman Khan,0,Colors,4.99,3,0,0,,0
Hindi,12,Srishty Rode,Soap Actress,Female,16-Sep-18,,10,No,105,20,16-Sep-18,30-Dec-18,Salman Khan,0,Colors,4.99,7,0,0,,0
Hindi,12,Urvashi Vani,Commoner - Singer,Female,16-Sep-18,,7,No,105,20,16-Sep-18,30-Dec-18,Salman Khan,0,Colors,4.99,3,0,0,,0
Hindi,12,Surbhi Rana,Commoner - Doctor,Female,,30-Dec-18,15,Yes,105,20,16-Sep-18,30-Dec-18,Salman Khan,0,Colors,4.99,4,1,5,,0
Hindi,12,Megha Dhade,Actress,Female,,,12,Yes,105,20,16-Sep-18,30-Dec-18,Salman Khan,0,Colors,4.99,4,0,0,,0
Hindi,12,Rohit Suchanti,Soap Actor,Male,,,13,Yes,105,20,16-Sep-18,30-Dec-18,Salman Khan,0,Colors,4.99,5,0,0,,0
Hindi,13,Abu Malik,Singer,Male,29-Sep-19,,3,No,140,22,29-Sep-19,15-Feb-20,Salman Khan,0,Colors,9.06,1,0,0,,0
Hindi,13,Arti Singh,Soap Actress,Female,29-Sep-19,,20,No,140,22,29-Sep-19,15-Feb-20,Salman Khan,0,Colors,9.06,12,0,1,,0
Hindi,13,Asim Riaz,Model,Male,29-Sep-19,,20,No,140,22,29-Sep-19,15-Feb-20,Salman Khan,0,Colors,9.06,9,0,1,,0
Hindi,13,Dalljiet Kaur,Soap Actress,Female,29-Sep-19,,2,No,140,22,29-Sep-19,15-Feb-20,Salman Khan,0,Colors,9.06,2,0,0,,0
Hindi,13,Devoleena Bhattacharjee,Soap Actress,Female,29-Sep-19,,9,No,140,22,29-Sep-19,15-Feb-20,Salman Khan,0,Colors,9.06,5,1,0,,0
Hindi,13,Koena Mitra,Actress,Female,29-Sep-19,,2,No,140,22,29-Sep-19,15-Feb-20,Salman Khan,0,Colors,9.06,2,0,0,,0
Hindi,13,Mahira Sharma,Soap Actress,Female,29-Sep-19,,20,No,140,22,29-Sep-19,15-Feb-20,Salman Khan,0,Colors,9.06,11,0,0,,0
Hindi,13,Paras Chhabra,Soap Actor,Male,29-Sep-19,,20,No,140,22,29-Sep-19,15-Feb-20,Salman Khan,0,Colors,9.06,10,1,0,,0
Hindi,13,Rashami Desai,Soap Actress,Female,29-Sep-19,,20,No,140,22,29-Sep-19,15-Feb-20,Salman Khan,0,Colors,9.06,10,1,1,,0
Hindi,13,Shefali Bagga,News Presenter,Female,29-Sep-19,,14,No,140,22,29-Sep-19,15-Feb-20,Salman Khan,0,Colors,9.06,6,1,0,,0
Hindi,13,Shehnaaz Gill,Singer,Female,29-Sep-19,,20,No,140,22,29-Sep-19,15-Feb-20,Salman Khan,0,Colors,9.06,11,0,1,,0
Hindi,13,Siddharth Shukla,Soap Actor,Male,29-Sep-19,,NA,No,140,22,29-Sep-19,15-Feb-20,Salman Khan,"50,00,000",Colors,9.06,12,0,2,10,1
Hindi,13,Siddhartha Dey,Writer,Male,29-Sep-19,,5,No,140,22,29-Sep-19,15-Feb-20,Salman Khan,0,Colors,9.06,3,0,0,,0
Hindi,13,Vikas Pathak,Social Media Star,Male,,,11,Yes,140,22,29-Sep-19,15-Feb-20,Salman Khan,0,Colors,9.06,2,0,0,,0
Hindi,13,Tehseen Poonawalla,Political Analyst,Male,,,6,Yes,140,22,29-Sep-19,15-Feb-20,Salman Khan,0,Colors,9.06,1,0,0,,0
Hindi,13,Khesari Lal Yadav ,Actor,Male,,,8,Yes,140,22,29-Sep-19,15-Feb-20,Salman Khan,0,Colors,9.06,2,0,0,,0
Hindi,13,Shefali Jariwala,Actress,Female,,26-Jan-20,17,Yes,140,22,29-Sep-19,15-Feb-20,Salman Khan,0,Colors,9.06,8,0,1,,0
Hindi,13,Arhaan Khan,Model,Male,,,13,Yes,140,22,29-Sep-19,15-Feb-20,Salman Khan,0,Colors,9.06,4,1,0,,0
Hindi,13,Himanshi Khurana,Singer,Female,,,10,Yes,140,22,29-Sep-19,15-Feb-20,Salman Khan,0,Colors,9.06,3,0,1,,0
Hindi,13,Vishal Aditya Singh,Soap Actor,Male,,,18,Yes,140,22,29-Sep-19,15-Feb-20,Salman Khan,0,Colors,9.06,7,0,0,,0
Hindi,13,Madhurima Tuli,Actress,Female,,19-Jan-20,16,Yes,140,22,29-Sep-19,15-Feb-20,Salman Khan,0,Colors,9.06,6,0,0,,0
Hindi,13,Vikas Gupta,Producer,Male,,,13,Yes,140,22,29-Sep-19,15-Feb-20,Salman Khan,0,Colors,9.06,0,0,1,,0
Hindi,14,Abhinav Shukla,Actor,Male,03-Oct-20,,,No,105,11,03-Oct-20,,Salman Khan,,Colors,,1,,,,
Hindi,14,Eijaz Khan,Actor,Male,03-Oct-20,,,No,105,11,03-Oct-20,,Salman Khan,,Colors,,1,,,,
Hindi,14,Jaan Kumar Sanu,Musician,Male,03-Oct-20,,,No,105,11,03-Oct-20,,Salman Khan,,Colors,,1,,,,
Hindi,14,Jasmin Bhasin,Soap Actress,Female,03-Oct-20,,,No,105,11,03-Oct-20,,Salman Khan,,Colors,,1,,,,
Hindi,14,Nikki Tamboli,Actress,Female,03-Oct-20,,,No,105,11,03-Oct-20,,Salman Khan,,Colors,,1,,,,
Hindi,14,Nishant Singh Malkani,Model,Male,03-Oct-20,,,No,105,11,03-Oct-20,,Salman Khan,,Colors,,1,,,,
Hindi,14,Pavitra Punia,Soap Actress,Female,03-Oct-20,,,No,105,11,03-Oct-20,,Salman Khan,,Colors,,1,,,,
Hindi,14,Rahul Vaidya,Singer,Male,03-Oct-20,,,No,105,11,03-Oct-20,,Salman Khan,,Colors,,1,,,,
Hindi,14,Rubina Dilaik,Soap Actress,Female,03-Oct-20,,,No,105,11,03-Oct-20,,Salman Khan,,Colors,,1,,,,
Hindi,14,Sara Gurpal,Singer,Female,03-Oct-20,11-Oct-20,1,No,105,11,03-Oct-20,,Salman Khan,0,Colors,,1,,,,0
Hindi,14,Shehzad Deol,Model,Male,03-Oct-20,,,No,105,11,03-Oct-20,,Salman Khan,,Colors,,1,,,,
Kannada,1,Anushree,TV Anchor,Female,24-Mar-13,,11,No,98,15,24-Mar-13,30-Jun-13,Sudeep,0,ETV Kannada,4.7,3,0,,,0
Kannada,1,Aparna,TV Anchor,Female,24-Mar-13,,6,No,98,15,24-Mar-13,30-Jun-13,Sudeep,0,ETV Kannada,4.7,1,0,,,0
Kannada,1,Arun Sagar,Art Director,Male,24-Mar-13,30-Jun-13,14,No,98,15,24-Mar-13,30-Jun-13,Sudeep,0,ETV Kannada,4.7,5,0,,,0
Kannada,1,Chandrika,Actress,Female,24-Mar-13,,13,No,98,15,24-Mar-13,30-Jun-13,Sudeep,0,ETV Kannada,4.7,8,1,,,0
Kannada,1,Jayalakshmi,Controversial Fame,Female,24-Mar-13,,7,No,98,15,24-Mar-13,30-Jun-13,Sudeep,0,ETV Kannada,4.7,3,1,,,0
Kannada,1,Narendra Babu Sharma,TV Anchor,Male,24-Mar-13,30-Jun-13,14,No,98,15,24-Mar-13,30-Jun-13,Sudeep,0,ETV Kannada,4.7,8,0,,,0
Kannada,1,Nikita Thukral,Actress,Female,24-Mar-13,30-Jun-13,14,No,98,15,24-Mar-13,30-Jun-13,Sudeep,0,ETV Kannada,4.7,9,0,,,0
Kannada,1,Rishi Kumar,Swamiji,Male,24-Mar-13,,4,No,98,15,24-Mar-13,30-Jun-13,Sudeep,0,ETV Kannada,4.7,1,0,,,0
Kannada,1,Sanjjanaa Galrani,Actress,Female,24-Mar-13,,2,No,98,15,24-Mar-13,30-Jun-13,Sudeep,0,ETV Kannada,4.7,1,0,,,0
Kannada,1,Shweta Pandit,Actress,Female,24-Mar-13,,3,No,98,15,24-Mar-13,30-Jun-13,Sudeep,0,ETV Kannada,4.7,1,0,,,0
Kannada,1,Thilak Shekar,Actor,Male,24-Mar-13,,6,No,98,15,24-Mar-13,30-Jun-13,Sudeep,0,ETV Kannada,4.7,1,0,,,0
Kannada,1,Vijay Raghavendra,Actor,Male,24-Mar-13,NA,NA,No,98,15,24-Mar-13,30-Jun-13,Sudeep,"50,00,000",ETV Kannada,4.7,6,0,,,1
Kannada,1,Vinayak Joshi,Radio Jockey,Male,24-Mar-13,,5,No,98,15,24-Mar-13,30-Jun-13,Sudeep,0,ETV Kannada,4.7,3,0,,,0
Kannada,1,Rohan Gowda,Reality Show Alumni,Male,,,8,Yes,98,15,24-Mar-13,30-Jun-13,Sudeep,0,ETV Kannada,4.7,1,0,,,0
Kannada,1,Rishika Singh,Actress,Female,,,9,Yes,98,15,24-Mar-13,30-Jun-13,Sudeep,0,ETV Kannada,4.7,1,0,,,0
Kannada,2,Aadhi Lokesh,Actor,Male,29-Jun-14,,9,No,98,15,29-Jun-14,05-Oct-14,Sudeep,0,Suvarna,,3,0,1,,0
Kannada,2,Akul Balaji,TV Anchor,Male,29-Jun-14,NA,NA,No,98,15,29-Jun-14,05-Oct-14,Sudeep,"50,00,000",Suvarna,,4,0,2,,1
Kannada,2,Anita Bhat,Actress,Female,29-Jun-14,,1,No,98,15,29-Jun-14,05-Oct-14,Sudeep,0,Suvarna,,1,0,0,,0
Kannada,2,Anupama Bhat,TV Anchor,Female,29-Jun-14,,13,No,98,15,29-Jun-14,05-Oct-14,Sudeep,0,Suvarna,,7,0,0,,0
Kannada,2,Deepika Kamaiah,Actress,Female,29-Jun-14,,14,No,98,15,29-Jun-14,05-Oct-14,Sudeep,0,Suvarna,,6,0,1,,0
Kannada,2,Harshika Poonacha,Actress,Female,29-Jun-14,,7,No,98,15,29-Jun-14,05-Oct-14,Sudeep,0,Suvarna,,2,1,0,,0
Kannada,2,Laya Kokila,Comedian,Male,29-Jun-14,,4,No,98,15,29-Jun-14,05-Oct-14,Sudeep,0,Suvarna,,2,0,0,,0
Kannada,2,Mayur Patel,Actor,Male,29-Jun-14,,6,No,98,15,29-Jun-14,05-Oct-14,Sudeep,0,Suvarna,,2,0,0,,0
Kannada,2,Neethu Shetty,Actress,Female,29-Jun-14,,11,No,98,15,29-Jun-14,05-Oct-14,Sudeep,0,Suvarna,,5,0,1,,0
Kannada,2,Rohith Patel,Radio Jockey,Male,29-Jun-14,,10,No,98,15,29-Jun-14,05-Oct-14,Sudeep,0,Suvarna,,7,0,1,,0
Kannada,2,Santhosh Aryan,Actor,Male,29-Jun-14,,10,No,98,15,29-Jun-14,05-Oct-14,Sudeep,0,Suvarna,,6,0,0,,0
Kannada,2,Shakeela,Actress,Female,29-Jun-14,,3,No,98,15,29-Jun-14,05-Oct-14,Sudeep,0,Suvarna,,2,0,0,,0
Kannada,2,Srujan Lokesh,Actor,Male,29-Jun-14,,14,No,98,15,29-Jun-14,05-Oct-14,Sudeep,0,Suvarna,,5,0,2,,0
Kannada,2,Swetha Changappa,Soap Actress,Female,29-Jun-14,,14,No,98,15,29-Jun-14,05-Oct-14,Sudeep,0,Suvarna,,6,0,2,,0
Kannada,2,Guruprasad,Film director,Male,,,12,Yes,98,15,29-Jun-14,05-Oct-14,Sudeep,0,Suvarna,,3,0,1,,0
Kannada,3,Bhavana Belegere,TV Anchor,Female,25-Oct-15,,10,No,98,18,25-Oct-15,31-Jan-16,Sudeep,0,Colors Kannada,,1,0,1,,0
Kannada,3,Chandan Kumar,Soap Actor,Male,25-Oct-15,,14,No,98,18,25-Oct-15,31-Jan-16,Sudeep,0,Colors Kannada,,7,0,1,,0
Kannada,3,Huccha Venkat,Actor,Male,25-Oct-15,,NA,No,98,18,25-Oct-15,31-Jan-16,Sudeep,0,Colors Kannada,,0,0,0,,0
Kannada,3,Jayashree Ramaiah,Model,Female,25-Oct-15,,2,No,98,18,25-Oct-15,31-Jan-16,Sudeep,0,Colors Kannada,,1,0,0,,0
Kannada,3,Kruthika Ravindra,Soap Actress,Female,25-Oct-15,,9,No,98,18,25-Oct-15,31-Jan-16,Sudeep,0,Colors Kannada,,5,0,0,,0
Kannada,3,Madhuri Itagi,Actress,Female,25-Oct-15,,1,No,98,18,25-Oct-15,31-Jan-16,Sudeep,0,Colors Kannada,,1,0,0,,0
Kannada,3,Master Anand,Actor,Male,25-Oct-15,,14,No,98,18,25-Oct-15,31-Jan-16,Sudeep,0,Colors Kannada,,4,0,1,,0
Kannada,3,Neha Gowda,Air Hostess,Female,25-Oct-15,,6,No,98,18,25-Oct-15,31-Jan-16,Sudeep,0,Colors Kannada,,4,0,0,,0
Kannada,3,Neravanda Aiyappa,Sports Person,Male,25-Oct-15,,13,No,98,18,25-Oct-15,31-Jan-16,Sudeep,0,Colors Kannada,,4,0,2,,0
Kannada,3,Nethra Gowda,Radio Jockey,Female,25-Oct-15,,7,No,98,18,25-Oct-15,31-Jan-16,Sudeep,0,Colors Kannada,,2,0,0,,0
Kannada,3,Pooja Gandhi,Actress,Female,25-Oct-15,,14,No,98,18,25-Oct-15,31-Jan-16,Sudeep,0,Colors Kannada,,6,1,1,,0
Kannada,3,Ravi Mooruru,Singer,Male,25-Oct-15,,4,No,98,18,25-Oct-15,31-Jan-16,Sudeep,0,Colors Kannada,,3,0,0,,0
Kannada,3,Rehman Haseeb,News Presenter,Male,25-Oct-15,,14,No,98,18,25-Oct-15,31-Jan-16,Sudeep,0,Colors Kannada,,9,0,1,,0
Kannada,3,Shruti,Actress,Female,25-Oct-15,NA,NA,No,98,18,25-Oct-15,31-Jan-16,Sudeep,"50,00,000",Colors Kannada,,6,0,3,,1
Kannada,3,Tsunami Kitty,Reality Show Alumni,Male,25-Oct-15,,12,No,98,18,25-Oct-15,31-Jan-16,Sudeep,0,Colors Kannada,,7,0,1,,0
Kannada,3,Mithra,Comedian,Male,,,8,Yes,98,18,25-Oct-15,31-Jan-16,Sudeep,0,Colors Kannada,,1,0,0,,0
Kannada,3,Gowthami Gowda,Actress,Female,,,12,Yes,98,18,25-Oct-15,31-Jan-16,Sudeep,0,Colors Kannada,,2,0,1,,0
Kannada,3,Sushma Veer,Theatre Artist,Female,,,11,Yes,98,18,25-Oct-15,31-Jan-16,Sudeep,0,Colors Kannada,,2,0,0,,0
Kannada,4,Bhuvan Ponnanna,Model,Male,09-Oct-16,,,No,112,18,09-Oct-16,29-Jan-17,Sudeep,0,Colors Kannada,,,,,,0
Kannada,4,Chaitra,Singer,Female,09-Oct-16,,,No,112,18,09-Oct-16,29-Jan-17,Sudeep,0,Colors Kannada,,,,,,0
Kannada,4,Dodda Ganesh,Sports Person,Male,09-Oct-16,,,No,112,18,09-Oct-16,29-Jan-17,Sudeep,0,Colors Kannada,,,,,,0
Kannada,4,Karunya Ram ,Actress,Female,09-Oct-16,,,No,112,18,09-Oct-16,29-Jan-17,Sudeep,0,Colors Kannada,,,,,,0
Kannada,4,Kavya Shastri,News Presenter,Female,09-Oct-16,,,No,112,18,09-Oct-16,29-Jan-17,Sudeep,0,Colors Kannada,,,,,,0
Kannada,4,Kirik Keerthi,Producer,Male,09-Oct-16,,,No,112,18,09-Oct-16,29-Jan-17,Sudeep,0,Colors Kannada,,,,,,0
Kannada,4,Malavika Avinash,Actress,Female,09-Oct-16,,,No,112,18,09-Oct-16,29-Jan-17,Sudeep,0,Colors Kannada,,,,,,0
Kannada,4,Mohan Shankar,Actor,Male,09-Oct-16,,,No,112,18,09-Oct-16,29-Jan-17,Sudeep,0,Colors Kannada,,,,,,0
Kannada,4,Niranjan Deshpande,Radio Jockey,Male,09-Oct-16,,,No,112,18,09-Oct-16,29-Jan-17,Sudeep,0,Colors Kannada,,,,,,0
Kannada,4,Pratham,Film Director,Male,09-Oct-16,NA,NA,No,112,18,09-Oct-16,29-Jan-17,Sudeep,"50,00,000",Colors Kannada,,,,,,1
Kannada,4,Rekha,Actress,Female,09-Oct-16,,,No,112,18,09-Oct-16,29-Jan-17,Sudeep,0,Colors Kannada,,,,,,0
Kannada,4,Sanjana Chidanand,Soap Actress,Female,09-Oct-16,,,No,112,18,09-Oct-16,29-Jan-17,Sudeep,0,Colors Kannada,,,,,,0
Kannada,4,Shalini Satyanarayan,Soap Actress,Female,09-Oct-16,,,No,112,18,09-Oct-16,29-Jan-17,Sudeep,0,Colors Kannada,,,,,,0
Kannada,4,Sheetal Shetty,News Presenter,Female,09-Oct-16,,,No,112,18,09-Oct-16,29-Jan-17,Sudeep,0,Colors Kannada,,,,,,0
Kannada,4,Vanishree,Soap Actress,Female,09-Oct-16,,,No,112,18,09-Oct-16,29-Jan-17,Sudeep,0,Colors Kannada,,,,,,0
Kannada,4,Omprakash Rao,Film Director,Male,,,,Yes,112,18,09-Oct-16,29-Jan-17,Sudeep,0,Colors Kannada,,,,,,0
Kannada,4,Sukrutha Wagle,Actress,Female,,,,Yes,112,18,09-Oct-16,29-Jan-17,Sudeep,0,Colors Kannada,,,,,,0
Kannada,4,Masthan Chandra,Actor,Male,,,,Yes,112,18,09-Oct-16,29-Jan-17,Sudeep,0,Colors Kannada,,,,,,0
Kannada,5,Anupama Gowda,Soap Actress,Female,15-Oct-17,,14,No,106,20,15-Oct-17,28-Jan-18,Sudeep,0,Colors Kannada,,6,0,2,,0
Kannada,5,Ashitha Chandrappa,Soap Actress,Female,15-Oct-17,,8,No,106,20,15-Oct-17,28-Jan-18,Sudeep,0,Colors Kannada,,2,0,0,,0
Kannada,5,Chandan Shetty,Singer,Male,15-Oct-17,NA,NA,No,106,20,15-Oct-17,28-Jan-18,Sudeep,"50,00,000",Colors Kannada,,5,0,1,,1
Kannada,5,Dayal Padmanabhan,Film Director,Male,15-Oct-17,,3,No,106,20,15-Oct-17,28-Jan-18,Sudeep,0,Colors Kannada,,2,0,0,,0
Kannada,5,Divakar,Commoner - Sales Representative,Male,15-Oct-17,,15,No,106,20,15-Oct-17,28-Jan-18,Sudeep,0,Colors Kannada,,10,0,0,,0
Kannada,5,Jagan Chandrashekhar,Soap Actor,Male,15-Oct-17,,9,No,106,20,15-Oct-17,28-Jan-18,Sudeep,0,Colors Kannada,,6,0,1,,0
Kannada,5,Jaya Sreenivasan,Numerologist,Male,15-Oct-17,,11,No,106,20,15-Oct-17,28-Jan-18,Sudeep,0,Colors Kannada,,8,0,0,,0
Kannada,5,Karthik Jayaram,Soap Actor,Male,15-Oct-17,,15,No,106,20,15-Oct-17,28-Jan-18,Sudeep,0,Colors Kannada,,6,0,1,,0
Kannada,5,Krishi Thapanda,Actress,Female,15-Oct-17,,12,No,106,20,15-Oct-17,28-Jan-18,Sudeep,0,Colors Kannada,,5,1,1,,0
Kannada,5,Megha,Commoner - Student,Female,15-Oct-17,,2,No,106,20,15-Oct-17,28-Jan-18,Sudeep,0,Colors Kannada,,2,0,0,,0
Kannada,5,Niveditha Gowda,Commoner - Student,Female,15-Oct-17,,15,No,106,20,15-Oct-17,28-Jan-18,Sudeep,0,Colors Kannada,,10,0,1,,0
Kannada,5,Riaz Basha,Radio Jockey,Male,15-Oct-17,,13,No,106,20,15-Oct-17,28-Jan-18,Sudeep,0,Colors Kannada,,6,0,2,,0
Kannada,5,Sameer Acharya,Commoner - Priest,Male,15-Oct-17,,14,No,106,20,15-Oct-17,28-Jan-18,Sudeep,0,Colors Kannada,,9,0,2,,0
Kannada,5,Shruthi Prakash,Soap Actress,Female,15-Oct-17,,15,No,106,20,15-Oct-17,28-Jan-18,Sudeep,0,Colors Kannada,,7,0,1,,0
Kannada,5,Sihi Kahi Chandru,Actor,Male,15-Oct-17,,7,No,106,20,15-Oct-17,28-Jan-18,Sudeep,0,Colors Kannada,,4,0,0,,0
Kannada,5,Suma Rajkumar,Commoner - Housewife,Female,15-Oct-17,,1,No,106,20,15-Oct-17,28-Jan-18,Sudeep,0,Colors Kannada,,1,0,0,,0
Kannada,5,Tejaswini Prakash,Actress,Female,15-Oct-17,,4,No,106,20,15-Oct-17,28-Jan-18,Sudeep,0,Colors Kannada,,1,1,0,,0
Kannada,5,Vaishnavi Chandran Menon,Actress,Female,,,15,Yes,106,20,15-Oct-17,28-Jan-18,Sudeep,0,Colors Kannada,,0,0,0,,0
Kannada,5,Lasya Nagaraj,Actress,Female,,,10,Yes,106,20,15-Oct-17,28-Jan-18,Sudeep,0,Colors Kannada,,1,0,0,,0
Kannada,5,Samyuktha Hegde,Actress,Female,,NA,NA,Yes,106,20,15-Oct-17,28-Jan-18,Sudeep,0,Colors Kannada,,1,0,0,,0
Kannada,6,Adam Pasha,LGBT,Transgender,21-Oct-18,,4,No,100,20,21-Oct-18,27-Jan-19,Sudeep,0,Colors Kannada,,4,0,0,,0
Kannada,6,Akshatha Pandavapura,Stage Actress,Female,21-Oct-18,,12,No,100,20,21-Oct-18,27-Jan-19,Sudeep,0,Colors Kannada,,8,0,1,,0
Kannada,6,Anand Malgatti,Commoner - Bus Conductor,Male,21-Oct-18,,6,No,100,20,21-Oct-18,27-Jan-19,Sudeep,0,Colors Kannada,,4,0,0,,0
Kannada,6,Andrew Jaypaul,Commoner - Junior Artist,Male,21-Oct-18,,14,No,100,20,21-Oct-18,27-Jan-19,Sudeep,0,Colors Kannada,,11,0,1,,0
Kannada,6,AV Ravi,Actor,Male,21-Oct-18,,5,No,100,20,21-Oct-18,27-Jan-19,Sudeep,0,Colors Kannada,,3,0,1,,0
Kannada,6,Dhanraj CM,Commoner - Dubbing Artist,Male,21-Oct-18,,13,No,100,20,21-Oct-18,27-Jan-19,Sudeep,0,Colors Kannada,,6,0,1,,0
Kannada,6,Jayashree Raj,Actress,Female,21-Oct-18,,9,No,100,20,21-Oct-18,27-Jan-19,Sudeep,0,Colors Kannada,,5,0,0,,0
Kannada,6,Kavitha Gowda,Actress,Female,21-Oct-18,,14,No,100,20,21-Oct-18,27-Jan-19,Sudeep,0,Colors Kannada,,9,0,1,,0
Kannada,6,MJ Rakesh,Radio Jockey,Male,21-Oct-18,,13,No,100,20,21-Oct-18,27-Jan-19,Sudeep,0,Colors Kannada,,11,0,0,,0
Kannada,6,Muruli,News Presenter,Male,21-Oct-18,,11,No,100,20,21-Oct-18,27-Jan-19,Sudeep,0,Colors Kannada,,4,0,1,,0
Kannada,6,Naveen Sajju,Singer,Male,21-Oct-18,,14,No,100,20,21-Oct-18,27-Jan-19,Sudeep,0,Colors Kannada,,4,0,2,,0
Kannada,6,Nayana Puttaswamy,Actress,Female,21-Oct-18,,8,No,100,20,21-Oct-18,27-Jan-19,Sudeep,0,Colors Kannada,,4,0,0,,0
Kannada,6,Rakshitha Rai,Sports Person,Female,21-Oct-18,,1,No,100,20,21-Oct-18,27-Jan-19,Sudeep,0,Colors Kannada,,1,0,0,,0
Kannada,6,Rapid Rashmi,Actress,Female,21-Oct-18,,14,No,100,20,21-Oct-18,27-Jan-19,Sudeep,0,Colors Kannada,,11,0,0,,0
Kannada,6,Reema Dias,Commoner - IT Professional,Female,21-Oct-18,,2,No,100,20,21-Oct-18,27-Jan-19,Sudeep,0,Colors Kannada,,2,0,0,,0
Kannada,6,Shashi Kumar,Commoner,Male,21-Oct-18,NA,NA,No,100,20,21-Oct-18,27-Jan-19,Sudeep,"50,00,000",Colors Kannada,,9,0,1,8,1
Kannada,6,Sneha Acharya,Actress,Female,21-Oct-18,,3,No,100,20,21-Oct-18,27-Jan-19,Sudeep,0,Colors Kannada,,2,0,0,,0
Kannada,6,Sonu Patil,Commoner - Junior Artist,Female,21-Oct-18,,7,No,100,20,21-Oct-18,27-Jan-19,Sudeep,0,Colors Kannada,,5,0,1,,0
Kannada,6,Jeevitha,Actress,Female,,,11,Yes,100,20,21-Oct-18,27-Jan-19,Sudeep,0,Colors Kannada,,1,0,1,,0
Kannada,6,Meghashree,Model,Female,,,10,Yes,100,20,21-Oct-18,27-Jan-19,Sudeep,0,Colors Kannada,,1,0,0,,0
Kannada,7,Bhoomi Shetty,Actress,Female,13-Oct-19,,16,No,113,20,13-Oct-19,02-Feb-20,Sudeep,0,Colors Kannada,,11,0,1,,0
Kannada,7,Chaitra Kottur,Actress,Female,13-Oct-19,,11,No,113,20,13-Oct-19,02-Feb-20,Sudeep,0,Colors Kannada,,7,1,0,,0
Kannada,7,Chaitra Vasudevan,TV Anchor,Female,13-Oct-19,,2,No,113,20,13-Oct-19,02-Feb-20,Sudeep,0,Colors Kannada,,2,0,0,,0
Kannada,7,Chandan Achar,Actor,Male,13-Oct-19,19-Jan-20,14,No,113,20,13-Oct-19,02-Feb-20,Sudeep,0,Colors Kannada,,13,0,0,,0
Kannada,7,Chandana Ananthakrishna,Actress,Female,13-Oct-19,05-Jan-20,12,No,113,20,13-Oct-19,02-Feb-20,Sudeep,0,Colors Kannada,,4,0,1,,0
Kannada,7,Deepika Das,Actress,Female,13-Oct-19,,16,No,113,20,13-Oct-19,02-Feb-20,Sudeep,0,Colors Kannada,,10,0,0,,0
Kannada,7,Duniya Rashmi,Actress,Female,13-Oct-19,,3,No,113,20,13-Oct-19,02-Feb-20,Sudeep,0,Colors Kannada,,1,0,1,,0
Kannada,7,Gurulinga Swamy,Swamiji,Male,13-Oct-19,,1,No,113,20,13-Oct-19,02-Feb-20,Sudeep,0,Colors Kannada,,1,0,0,,0
Kannada,7,Harish Raj,Actor,Male,13-Oct-19,,16,No,113,20,13-Oct-19,02-Feb-20,Sudeep,0,Colors Kannada,,7,0,2,,0
Kannada,7,Jai Jagadish,Actor,Male,13-Oct-19,,5,No,113,20,13-Oct-19,02-Feb-20,Sudeep,0,Colors Kannada,,1,0,0,,0
Kannada,7,Kishan Belagali,Dancer,Male,13-Oct-19,19-Jan-20,14,No,113,20,13-Oct-19,02-Feb-20,Sudeep,0,Colors Kannada,,8,0,1,,0
Kannada,7,Kuri Prathap,Actor,Male,13-Oct-19,,16,No,113,20,13-Oct-19,02-Feb-20,Sudeep,0,Colors Kannada,,8,0,1,,0
Kannada,7,Priyanka,Actress,Female,13-Oct-19,26-Jan-20,15,No,113,20,13-Oct-19,02-Feb-20,Sudeep,0,Colors Kannada,,4,0,1,,0
Kannada,7,Raju Talikote,Actor,Male,13-Oct-19,,9,No,113,20,13-Oct-19,02-Feb-20,Sudeep,0,Colors Kannada,,6,0,1,,0
Kannada,7,Ravi Belagere,Journalist,Male,13-Oct-19,NA,NA,No,113,20,13-Oct-19,02-Feb-20,Sudeep,0,Colors Kannada,,1,0,0,,0
Kannada,7,Shine Shetty,Actor,Male,13-Oct-19,NA,NA,No,113,20,13-Oct-19,02-Feb-20,Sudeep,"50,00,000",Colors Kannada,,8,0,2,9,1
Kannada,7,Sujatha Satyanarayan,Radio Jockey,Female,13-Oct-19,,6,No,113,20,13-Oct-19,02-Feb-20,Sudeep,0,Colors Kannada,,3,0,0,,0
Kannada,7,Vasuki Vaibhav,Musician,Male,13-Oct-19,,16,No,113,20,13-Oct-19,02-Feb-20,Sudeep,0,Colors Kannada,,5,0,1,,0
Kannada,7,RJ Prithvi,Radio Jockey,Male,,,7,Yes,113,20,13-Oct-19,02-Feb-20,Sudeep,0,Colors Kannada,,2,0,0,,0
Kannada,7,Raksha Somashekhar,Actress,Female,,,8,Yes,113,20,13-Oct-19,02-Feb-20,Sudeep,0,Colors Kannada,,1,0,0,,0
Telugu,1,Aadarsh Balakrishna,Actor,Male,16-Jul-17,24-Sep-17,10,No,70,16,16-Jul-17,24-Sep-17,Jr. NTR,0,Star Maa,,4,0,1,,0
Telugu,1,Archana,Actress,Female,16-Jul-17,24-Sep-17,10,No,70,16,16-Jul-17,24-Sep-17,Jr. NTR,0,Star Maa,,6,0,0,,0
Telugu,1,Dhanraj,Comedian,Male,16-Jul-17,26-Aug-17,6,No,70,16,16-Jul-17,24-Sep-17,Jr. NTR,0,Star Maa,,3,0,0,,0
Telugu,1,Hari Teja,Actress,Female,16-Jul-17,24-Sep-17,10,No,70,16,16-Jul-17,24-Sep-17,Jr. NTR,0,Star Maa,,6,0,1,5,0
Telugu,1,Jyothi,Actress,Female,16-Jul-17,23-Jul-17,1,No,70,16,16-Jul-17,24-Sep-17,Jr. NTR,0,Star Maa,,1,0,0,,0
Telugu,1,Kalpana Raghavendar,Singer,Female,16-Jul-17,13-Aug-17,4,No,70,16,16-Jul-17,24-Sep-17,Jr. NTR,0,Star Maa,,2,0,1,,0
Telugu,1,Kathi Karthika,TV Anchor,Female,16-Jul-17,27-Aug-17,6,No,70,16,16-Jul-17,24-Sep-17,Jr. NTR,0,Star Maa,,2,0,0,,0
Telugu,1,Madhu Priya,Singer,Female,16-Jul-17,30-Jul-17,2,No,70,16,16-Jul-17,24-Sep-17,Jr. NTR,0,Star Maa,,2,0,0,,0
Telugu,1,Mahesh Kathi,Film Critic,Male,16-Jul-17,12-Aug-17,4,No,70,16,16-Jul-17,24-Sep-17,Jr. NTR,0,Star Maa,,3,0,0,,0
Telugu,1,Mumaith Khan,Actress,Female,16-Jul-17,03-Sep-17,7,No,70,16,16-Jul-17,24-Sep-17,Jr. NTR,0,Star Maa,,3,2,0,,0
Telugu,1,Prince Cecil,Actor,Male,16-Jul-17,10-Sep-17,8,No,70,16,16-Jul-17,24-Sep-17,Jr. NTR,0,Star Maa,,3,0,1,,0
Telugu,1,Sameer Hasan,Actor,Male,16-Jul-17,06-Aug-17,3,No,70,16,16-Jul-17,24-Sep-17,Jr. NTR,0,Star Maa,,2,0,0,,0
Telugu,1,Sampoornesh Babu,Actor,Male,16-Jul-17,25-Jul-17,NA,No,70,16,16-Jul-17,24-Sep-17,Jr. NTR,0,Star Maa,,1,0,1,,0
Telugu,1,Siva Balaji,Actor,Male,16-Jul-17,NA,NA,No,70,16,16-Jul-17,24-Sep-17,Jr. NTR,"50,00,000",Star Maa,,4,0,2,8,1
Telugu,1,Diksha Panth,Actress,Female,31-Jul-17,17-Sep-17,9,Yes,70,16,16-Jul-17,24-Sep-17,Jr. NTR,0,Star Maa,,3,0,1,,0
Telugu,1,Navdeep,Actor,Male,14-Aug-17,24-Sep-17,10,Yes,70,16,16-Jul-17,24-Sep-17,Jr. NTR,0,Star Maa,,3,0,1,9,0
Telugu,2,Amit Tiwari,Actor,Male,10-Jun-18,,14,No,112,18,10-Jun-18,30-Sep-18,Nani,0,Star Maa,,4,0,1,,0
Telugu,2,Babu Gogineni,Activist,Male,10-Jun-18,,9,No,112,18,10-Jun-18,30-Sep-18,Nani,0,Star Maa,,5,0,0,,0
Telugu,2,Bhanu Sree,Actress,Female,10-Jun-18,,5,No,112,18,10-Jun-18,30-Sep-18,Nani,0,Star Maa,,2,0,0,,0
Telugu,2,Deepti Nallamuthu,TV Anchor,Female,10-Jun-18,30-Sep-18,16,No,112,18,10-Jun-18,30-Sep-18,Nani,0,Star Maa,,11,0,1,5,0
Telugu,2,Deepthi Sunaina,Social Media Star,Female,10-Jun-18,,10,No,112,18,10-Jun-18,30-Sep-18,Nani,0,Star Maa,,4,0,0,,0
Telugu,2,Ganesh,Commoner - RJ,Male,10-Jun-18,,11,No,112,18,10-Jun-18,30-Sep-18,Nani,0,Star Maa,,9,0,0,,0
Telugu,2,Geetha Madhuri,Singer,Female,10-Jun-18,30-Sep-18,16,No,112,18,10-Jun-18,30-Sep-18,Nani,0,Star Maa,,7,0,2,8,0
Telugu,2,Kaushal Manda,Actor,Male,10-Jun-18,NA,NA,No,112,18,10-Jun-18,30-Sep-18,Nani,"50,00,000",Star Maa,,11,0,1,10,1
Telugu,2,Kireeti Damaraju,Actor,Male,10-Jun-18,,3,No,112,18,10-Jun-18,30-Sep-18,Nani,0,Star Maa,,2,0,0,,0
Telugu,2,Nutan Naidu,Commoner - Social Activist,Male,10-Jun-18,,11,No,112,18,10-Jun-18,30-Sep-18,Nani,0,Star Maa,,4,2,0,,0
Telugu,2,Roll Rida,Singer,Male,10-Jun-18,,15,No,112,18,10-Jun-18,30-Sep-18,Nani,0,Star Maa,,4,0,2,5,0
Telugu,2,Samrat Reddy,Actor,Male,10-Jun-18,30-Sep-18,16,No,112,18,10-Jun-18,30-Sep-18,Nani,0,Star Maa,,3,0,1,,0
Telugu,2,Sanjana Anne,Commoner - Pageant Winner,Female,10-Jun-18,,1,No,112,18,10-Jun-18,30-Sep-18,Nani,0,Star Maa,,1,0,0,,0
Telugu,2,Syamala Pavala,TV Anchor,Female,10-Jun-18,,13,No,112,18,10-Jun-18,30-Sep-18,Nani,0,Star Maa,,5,1,0,,0
Telugu,2,Tanish Alladi,Actor,Male,10-Jun-18,30-Sep-18,16,No,112,18,10-Jun-18,30-Sep-18,Nani,0,Star Maa,,5,0,2,,0
Telugu,2,Tejaswi Madivada,Actress,Female,10-Jun-18,,6,No,112,18,10-Jun-18,30-Sep-18,Nani,0,Star Maa,,3,0,0,,0
Telugu,2,Nandini Rai,Actress,Female,17-Jun-18,,8,Yes,112,18,10-Jun-18,30-Sep-18,Nani,0,Star Maa,,4,0,0,,0
Telugu,2,Pooja Ramachandran,Actress,Female,,,11,Yes,112,18,10-Jun-18,30-Sep-18,Nani,0,Star Maa,,2,0,1,,0
Telugu,3,Ali Reza,Actor,Male,21-Jul-19,03-Nov-19,15,No,105,17,21-Jul-19,03-Nov-19,Nagarjuna,0,Star Maa,,3,1,1,6,0
Telugu,3,Ashu Reddy,Social Media Star,Female,21-Jul-19,25-Aug-19,5,No,105,17,21-Jul-19,03-Nov-19,Nagarjuna,0,Star Maa,,1,0,0,,0
Telugu,3,Baba Bhaskar,Choreographer,Male,21-Jul-19,03-Nov-19,15,No,105,17,21-Jul-19,03-Nov-19,Nagarjuna,0,Star Maa,,6,0,1,,0
Telugu,3,Hema,Actress,Female,21-Jul-19,28-Jul-19,1,No,105,17,21-Jul-19,03-Nov-19,Nagarjuna,0,Star Maa,,1,0,0,,0
Telugu,3,Himaja,Actress,Female,21-Jul-19,22-Sep-19,9,No,105,17,21-Jul-19,03-Nov-19,Nagarjuna,0,Star Maa,,6,0,0,,0
Telugu,3,Jaffar Babu,TV Anchor,Male,21-Jul-19,04-Aug-19,2,No,105,17,21-Jul-19,03-Nov-19,Nagarjuna,0,Star Maa,,2,0,0,,0
Telugu,3,Mahesh Vitta,Actor,Male,21-Jul-19,13-Oct-19,12,No,105,17,21-Jul-19,03-Nov-19,Nagarjuna,0,Star Maa,,8,0,1,,0
Telugu,3,Punarnavi Bhupalam,Actress,Female,21-Jul-19,06-Oct-19,11,No,105,17,21-Jul-19,03-Nov-19,Nagarjuna,0,Star Maa,,7,0,0,7,0
Telugu,3,Rahul Sipligunj,Singer,Male,21-Jul-19,NA,NA,No,105,17,21-Jul-19,03-Nov-19,Nagarjuna,"50,00,000",Star Maa,,11,0,0,9,1
Telugu,3,Ravi Krishna,Soap Actor,Male,21-Jul-19,29-Sep-19,10,No,105,17,21-Jul-19,03-Nov-19,Nagarjuna,0,Star Maa,,4,0,0,,0
Telugu,3,Rohini,Soap Actress,Female,21-Jul-19,18-Aug-19,4,No,105,17,21-Jul-19,03-Nov-19,Nagarjuna,0,Star Maa,,1,0,0,,0
Telugu,3,Siva Jyothi,TV Anchor,Female,21-Jul-19,27-Oct-19,14,No,105,17,21-Jul-19,03-Nov-19,Nagarjuna,0,Star Maa,,4,0,1,,0
Telugu,3,Sreemukhi,TV Anchor,Female,21-Jul-19,03-Nov-19,15,No,105,17,21-Jul-19,03-Nov-19,Nagarjuna,0,Star Maa,,7,0,1,9,0
Telugu,3,Varun Sandesh,Actor,Male,21-Jul-19,03-Nov-19,15,No,105,17,21-Jul-19,03-Nov-19,Nagarjuna,0,Star Maa,,8,0,2,7,0
Telugu,3,Vithika Sheru,Actress,Female,21-Jul-19,20-Oct-19,13,No,105,17,21-Jul-19,03-Nov-19,Nagarjuna,0,Star Maa,,4,0,1,,0
Telugu,3,Tamanna Simhadri,LGBT,Transgender,28-Jul-19,11-Aug-19,3,Yes,105,17,21-Jul-19,03-Nov-19,Nagarjuna,0,Star Maa,,1,0,0,,0
Telugu,3,Shilpa Chakravarthy,TV Anchor,Female,02-Sep-19,15-Sep-19,8,Yes,100,17,21-Jul-19,03-Nov-19,Nagarjuna,0,Star Maa,,1,0,0,,0
Telugu,4,Abijeet,Actor,Male,06-Sep-20,,,No,105,19,06-Sep-20,,Nagarjuna,,Star Maa,,5,,0,8,
Telugu,4,Akhil Sarthak,Actor,Male,06-Sep-20,,,No,105,19,06-Sep-20,,Nagarjuna,,Star Maa,,2,,0,8,
Telugu,4,Alekya Harika,Social Media Star,Female,06-Sep-20,,,No,105,19,06-Sep-20,,Nagarjuna,,Star Maa,,3,,0,7,
Telugu,4,Amma Rajasekhar,Choreographer,Male,06-Sep-20,,,No,105,19,06-Sep-20,,Nagarjuna,,Star Maa,,2,,0,4,
Telugu,4,Ariyana Glory,TV Anchor,Female,06-Sep-20,,,No,105,19,06-Sep-20,,Nagarjuna,,Star Maa,,3,,0,4,
Telugu,4,Devi Nagavalli,News Presenter,Female,06-Sep-20,27-Sep-20,3,No,105,19,06-Sep-20,,Nagarjuna,0,Star Maa,,1,0,0,4,0
Telugu,4,Divi Vadthaya,Model,Female,06-Sep-20,,,No,105,19,06-Sep-20,,Nagarjuna,,Star Maa,,2,,0,5,
Telugu,4,Gangavva,Social Media Star,Female,06-Sep-20,10-Oct-20,5,No,105,19,06-Sep-20,,Nagarjuna,0,Star Maa,,2,0,1,7,0
Telugu,4,Karate Kalyani,Actress,Female,06-Sep-20,20-Sep-20,2,No,105,19,06-Sep-20,,Nagarjuna,0,Star Maa,,1,0,0,2,0
Telugu,4,Lasya,TV Anchor,Female,06-Sep-20,,,No,105,19,06-Sep-20,,Nagarjuna,,Star Maa,,3,,1,5,
Telugu,4,Mehaboob Dil Se,Social Media Star,Male,06-Sep-20,,,No,105,19,06-Sep-20,,Nagarjuna,,Star Maa,,3,,0,5,
Telugu,4,Monal Gajjar,Actress,Female,06-Sep-20,,,No,105,19,06-Sep-20,,Nagarjuna,,Star Maa,,4,,0,8,
Telugu,4,Noel Sean,Singer,Male,06-Sep-20,,,No,105,19,06-Sep-20,,Nagarjuna,,Star Maa,,3,,1,8,
Telugu,4,Sujatha,News Presenter,Female,06-Sep-20,11-Oct-20,5,No,105,19,06-Sep-20,,Nagarjuna,0,Star Maa,,2,0,0,4,0
Telugu,4,Surya Kiran,Film Director,Male,06-Sep-20,13-Sep-20,1,No,105,19,06-Sep-20,,Nagarjuna,0,Star Maa,,1,0,0,2,0
Telugu,4,Syed Sohel Ryan,Soap Actor,Male,06-Sep-20,,,No,105,19,06-Sep-20,,Nagarjuna,,Star Maa,,3,,1,5,
Telugu,4,Kumar Sai,Actor,Male,13-Sep-20,,,Yes,105,19,06-Sep-20,,Nagarjuna,,Star Maa,,3,,1,6,0
Telugu,4,Avinash,Comedian,Male,19-Sep-20,,,Yes,105,19,06-Sep-20,,Nagarjuna,,Star Maa,,1,,0,7,
Telugu,4,Swathi Deekshith,Actress,Female,25-Sep-20,04-Oct-20,4,Yes,105,19,06-Sep-20,,Nagarjuna,0,Star Maa,,1,0,0,4,0
Tamil,1,Aarav Nafeez,Model,Male,25-Jun-17,NA,NA,No,98,19,25-Jun-17,30-Sep-17,Kamal Haasan,"50,00,000",Start Vijay,7.8,7,0,1,7,1
Tamil,1,Anuya Bhagvath,Actress,Female,25-Jun-17,,1,No,98,19,25-Jun-17,30-Sep-17,Kamal Haasan,0,Start Vijay,7.8,1,0,0,,0
Tamil,1,Bharani,Actor,Male,25-Jun-17,,2,No,98,19,25-Jun-17,30-Sep-17,Kamal Haasan,0,Start Vijay,7.8,1,0,0,,0
Tamil,1,Ganesh Venkatraman,Actor,Male,25-Jun-17,30-Sep-17,14,No,98,19,25-Jun-17,30-Sep-17,Kamal Haasan,0,Start Vijay,7.8,6,0,1,,0
Tamil,1,Ganja Karuppu,Comedian,Male,25-Jun-17,,2,No,98,19,25-Jun-17,30-Sep-17,Kamal Haasan,0,Start Vijay,7.8,1,0,0,,0
Tamil,1,Gayathri Raghuram,Choreographer,Female,25-Jun-17,,8,No,98,19,25-Jun-17,30-Sep-17,Kamal Haasan,0,Start Vijay,7.8,3,0,1,,0
Tamil,1,Harathi Ganesh,Comedian,Female,25-Jun-17,,3,No,98,19,25-Jun-17,30-Sep-17,Kamal Haasan,0,Start Vijay,7.8,1,1,0,,0
Tamil,1,Maria Juliana,Commoner - Nurse,Female,25-Jun-17,,6,No,98,19,25-Jun-17,30-Sep-17,Kamal Haasan,0,Start Vijay,7.8,4,1,0,,0
Tamil,1,Namitha,Actress,Female,25-Jun-17,,4,No,98,19,25-Jun-17,30-Sep-17,Kamal Haasan,0,Start Vijay,7.8,1,0,0,,0
Tamil,1,Oviya,Actress,Female,25-Jun-17,,NA,No,98,19,25-Jun-17,30-Sep-17,Kamal Haasan,0,Start Vijay,7.8,5,0,0,,0
Tamil,1,Raiza Wilson,Model,Female,25-Jun-17,,9,No,98,19,25-Jun-17,30-Sep-17,Kamal Haasan,0,Start Vijay,7.8,3,0,1,,0
Tamil,1,Shakthi Vasudevan,Actor,Male,25-Jun-17,,7,No,98,19,25-Jun-17,30-Sep-17,Kamal Haasan,0,Start Vijay,7.8,2,1,1,,0
Tamil,1,Snehan,Lyricist,Male,25-Jun-17,30-Sep-17,14,No,98,19,25-Jun-17,30-Sep-17,Kamal Haasan,0,Start Vijay,7.8,6,0,3,,0
Tamil,1,Sri,Actor,Male,25-Jun-17,,NA,No,98,19,25-Jun-17,30-Sep-17,Kamal Haasan,0,Start Vijay,7.8,1,0,0,,0
Tamil,1,Vaiyapuri,Comedian,Male,25-Jun-17,,12,No,98,19,25-Jun-17,30-Sep-17,Kamal Haasan,0,Start Vijay,7.8,5,0,1,,0
Tamil,1,Bindu Madhavi,Actress,Female,,28-Sep-17,14,Yes,98,19,25-Jun-17,30-Sep-17,Kamal Haasan,0,Start Vijay,7.8,5,0,1,,0
Tamil,1,Suja Varunee,Actress,Female,,,13,Yes,98,19,25-Jun-17,30-Sep-17,Kamal Haasan,0,Start Vijay,7.8,2,0,0,,0
Tamil,1,Harish Kalyan,Actor,Male,,30-Sep-17,14,Yes,98,19,25-Jun-17,30-Sep-17,Kamal Haasan,0,Start Vijay,7.8,4,0,1,,0
Tamil,1,Kaajal Pasupathi,Actress,Female,,,10,Yes,98,19,25-Jun-17,30-Sep-17,Kamal Haasan,0,Start Vijay,7.8,1,0,0,,0
Tamil,2,Aishwarya Dutta,Actress,Female,17-Jun-18,30-Sep-18,15,No,105,17,17-Jun-18,30-Sep-18,Kamal Haasan,0,Start Vijay,8.2,5,0,2,,0
Tamil,2,Ananth Vaidyanathan,Commoner - Voice Trainer,Male,17-Jun-18,,3,No,105,17,17-Jun-18,30-Sep-18,Kamal Haasan,0,Start Vijay,8.2,3,0,0,,0
Tamil,2,Daniel Annie Pope,Comedian,Male,17-Jun-18,,11,No,105,17,17-Jun-18,30-Sep-18,Kamal Haasan,0,Start Vijay,8.2,2,0,0,,0
Tamil,2,Janani Iyer,Actress,Female,17-Jun-18,30-Sep-18,15,No,105,17,17-Jun-18,30-Sep-18,Kamal Haasan,0,Start Vijay,8.2,6,0,1,,0
Tamil,2,Mahat Raghavendra,Actor,Male,17-Jun-18,,10,No,105,17,17-Jun-18,30-Sep-18,Kamal Haasan,0,Start Vijay,8.2,3,0,1,,0
Tamil,2,Mamathi Chari,Soap Actress,Female,17-Jun-18,,2,No,105,17,17-Jun-18,30-Sep-18,Kamal Haasan,0,Start Vijay,8.2,1,0,0,,0
Tamil,2,Mumtaz,Actress,Female,17-Jun-18,,13,No,105,17,17-Jun-18,30-Sep-18,Kamal Haasan,0,Start Vijay,8.2,8,0,0,,0
Tamil,2,Nithya Balaji,Commoner - Housewife,Female,17-Jun-18,,4,No,105,17,17-Jun-18,30-Sep-18,Kamal Haasan,0,Start Vijay,8.2,4,0,2,,0
Tamil,2,Ponnambalam,Actor,Male,17-Jun-18,,8,No,105,17,17-Jun-18,30-Sep-18,Kamal Haasan,0,Start Vijay,8.2,6,0,0,,0
Tamil,2,Ramya NSK,Singer,Female,17-Jun-18,,5,No,105,17,17-Jun-18,30-Sep-18,Kamal Haasan,0,Start Vijay,8.2,1,0,0,,0
Tamil,2,Riythvika,Actress,Female,17-Jun-18,,NA,No,105,17,17-Jun-18,30-Sep-18,Kamal Haasan,"50,00,000",Start Vijay,8.2,6,0,1,8,1
Tamil,2,Sendrayan,Actor,Male,17-Jun-18,,12,No,105,17,17-Jun-18,30-Sep-18,Kamal Haasan,0,Start Vijay,8.2,4,0,1,,0
Tamil,2,Shariq Hassan,Actor,Male,17-Jun-18,,7,No,105,17,17-Jun-18,30-Sep-18,Kamal Haasan,0,Start Vijay,8.2,1,0,0,,0
Tamil,2,Thaadi Balaji,Comedian,Male,17-Jun-18,,14,No,105,17,17-Jun-18,30-Sep-18,Kamal Haasan,0,Start Vijay,8.2,7,0,3,,0
Tamil,2,Vaishnavi Prasad,Radio Jockey,Female,17-Jun-18,,9,No,105,17,17-Jun-18,30-Sep-18,Kamal Haasan,0,Start Vijay,8.2,2,0,1,,0
Tamil,2,Yashika Aannand,Model,Female,17-Jun-18,,14,No,105,17,17-Jun-18,30-Sep-18,Kamal Haasan,0,Start Vijay,8.2,3,0,0,,0
Tamil,2,Vijayalakshmi,Actress,Female,,30-Sep-18,15,Yes,105,17,17-Jun-18,30-Sep-18,Kamal Haasan,0,Start Vijay,8.2,4,0,0,,0
Tamil,3,Abhirami Venkatachalam,Model,Female,23-Jun-19,,8,No,105,17,23-Jun-19,06-Oct-19,Kamal Haasan,0,Start Vijay,8.8,5,0,1,,0
Tamil,3,Cheran,Film Director,Male,23-Jun-19,,13,No,105,17,23-Jun-19,06-Oct-19,Kamal Haasan,0,Start Vijay,8.8,6,1,1,,0
Tamil,3,Fathima Babu,News Presenter,Female,23-Jun-19,,2,No,105,17,23-Jun-19,06-Oct-19,Kamal Haasan,0,Start Vijay,8.8,1,0,0,,0
Tamil,3,Jangiri Madhumitha,Comedian,Female,23-Jun-19,,8,No,105,17,23-Jun-19,06-Oct-19,Kamal Haasan,0,Start Vijay,8.8,4,0,0,,0
Tamil,3,Kavin,Soap Actor,Male,23-Jun-19,,14,No,105,17,23-Jun-19,06-Oct-19,Kamal Haasan,0,Start Vijay,8.8,9,0,0,,0
Tamil,3,Losliya Mariyanesan,News Presenter,Female,23-Jun-19,,15,No,105,17,23-Jun-19,06-Oct-19,Kamal Haasan,0,Start Vijay,8.8,6,0,1,,0
Tamil,3,Mohan Vaidya,Singer,Male,23-Jun-19,,4,No,105,17,23-Jun-19,06-Oct-19,Kamal Haasan,0,Start Vijay,8.8,2,0,1,,0
Tamil,3,Mugen Rao,Singer,Male,23-Jun-19,NA,NA,No,105,17,23-Jun-19,06-Oct-19,Kamal Haasan,"50,00,000",Start Vijay,8.8,4,0,2,8,1
Tamil,3,Reshma Pasupuleti,Actress,Female,23-Jun-19,,6,No,105,17,23-Jun-19,06-Oct-19,Kamal Haasan,0,Start Vijay,8.8,1,0,1,,0
Tamil,3,Sakshi Agarwal,Actress,Female,23-Jun-19,,7,No,105,17,23-Jun-19,06-Oct-19,Kamal Haasan,0,Start Vijay,8.8,4,0,1,,0
Tamil,3,Sandy,Choreographer,Male,23-Jun-19,,15,No,105,17,23-Jun-19,06-Oct-19,Kamal Haasan,0,Start Vijay,8.8,4,0,1,,0
Tamil,3,Saravanan,Actor,Male,23-Jun-19,,7,No,105,17,23-Jun-19,06-Oct-19,Kamal Haasan,0,Start Vijay,8.8,4,0,0,,0
Tamil,3,Sherin Shringar,Actress,Female,23-Jun-19,,15,No,105,17,23-Jun-19,06-Oct-19,Kamal Haasan,0,Start Vijay,8.8,6,0,1,,0
Tamil,3,Tharshan Thiyagarajah,Model,Male,23-Jun-19,,14,No,105,17,23-Jun-19,06-Oct-19,Kamal Haasan,0,Start Vijay,8.8,3,0,1,,0
Tamil,3,Vanitha Vijayakumar,Actress,Female,23-Jun-19,,12,No,105,17,23-Jun-19,06-Oct-19,Kamal Haasan,0,Start Vijay,8.8,3,1,2,,0
Tamil,3,Meera Mitun,Model,Female,,,5,Yes,105,17,23-Jun-19,06-Oct-19,Kamal Haasan,0,Start Vijay,8.8,4,0,0,,0
Tamil,3,Kasthuri Shankar,Actress,Female,,,9,Yes,105,17,23-Jun-19,06-Oct-19,Kamal Haasan,0,Start Vijay,8.8,1,0,0,,0
Tamil,4,Aajeedh Khalique,Singer,Male,04-Oct-20,,,No,105,16,04-Oct-20,17-Jan-21,Kamal Haasan,,Start Vijay,,,,,,
Tamil,4,Aari Arjuna,Actor,Male,04-Oct-20,,,No,105,16,04-Oct-20,17-Jan-21,Kamal Haasan,,Start Vijay,,,,,,
Tamil,4,Anita Sampath,News Presenter,Female,04-Oct-20,,,No,105,16,04-Oct-20,17-Jan-21,Kamal Haasan,,Start Vijay,,,,,,
Tamil,4,Bala Murugadoss,Model,Male,04-Oct-20,,,No,105,16,04-Oct-20,17-Jan-21,Kamal Haasan,,Start Vijay,,,,,,
Tamil,4,Gabriella Charlton,Actress,Female,04-Oct-20,,,No,105,16,04-Oct-20,17-Jan-21,Kamal Haasan,,Start Vijay,,,,,,
Tamil,4,Nisha Aranthangi,Comedian,Female,04-Oct-20,,,No,105,16,04-Oct-20,17-Jan-21,Kamal Haasan,,Start Vijay,,,,,,
Tamil,4,Ramesh Jithan,Actor,Male,04-Oct-20,,,No,105,16,04-Oct-20,17-Jan-21,Kamal Haasan,,Start Vijay,,,,,,
Tamil,4,Rekha,Actress,Female,04-Oct-20,,,No,105,16,04-Oct-20,17-Jan-21,Kamal Haasan,,Start Vijay,,,,,,
Tamil,4,Ramya Pandian,Actress,Female,04-Oct-20,,,No,105,16,04-Oct-20,17-Jan-21,Kamal Haasan,,Start Vijay,,,,1,,
Tamil,4,Rio Raj,Video Jockey,Male,04-Oct-20,,,No,105,16,04-Oct-20,17-Jan-21,Kamal Haasan,,Start Vijay,,,,,,
Tamil,4,Sanam Shetty,Model,Female,04-Oct-20,,,No,105,16,04-Oct-20,17-Jan-21,Kamal Haasan,,Start Vijay,,,,,,
Tamil,4,Shivani Narayanan,Soap Actress,Female,04-Oct-20,,,No,105,16,04-Oct-20,17-Jan-21,Kamal Haasan,,Start Vijay,,,,,,
Tamil,4,Samyuktha Karthik,Actress,Female,04-Oct-20,,,No,105,16,04-Oct-20,17-Jan-21,Kamal Haasan,,Start Vijay,,,,,,
Tamil,4,Somashekar,Model,Male,04-Oct-20,,,No,105,16,04-Oct-20,17-Jan-21,Kamal Haasan,,Start Vijay,,,,,,
Tamil,4,Suresh Chakravarthy,Actor,Male,04-Oct-20,,,No,105,16,04-Oct-20,17-Jan-21,Kamal Haasan,,Start Vijay,,,,1,,
Tamil,4,Velmurugan,Singer,Male,04-Oct-20,,,No,105,16,04-Oct-20,17-Jan-21,Kamal Haasan,,Start Vijay,,,,,,
Marathi,1,Aarti Solanki,Comedian,Female,15-Apr-18,,1,No,98,18,15-Apr-18,22-Jul-18,Mahesh Manjrekar,0,Colors Marathi,,1,0,0,,0
Marathi,1,Aastad Kale,Actor,Male,15-Apr-18,,14,No,98,18,15-Apr-18,22-Jul-18,Mahesh Manjrekar,0,Colors Marathi,,7,0,1,,0
Marathi,1,Anil Thatte,Journalist,Male,15-Apr-18,,4,No,98,18,15-Apr-18,22-Jul-18,Mahesh Manjrekar,0,Colors Marathi,,3,0,0,,0
Marathi,1,Bhushan Kadu,Actor,Male,15-Apr-18,,9,No,98,18,15-Apr-18,22-Jul-18,Mahesh Manjrekar,0,Colors Marathi,,4,0,1,,0
Marathi,1,Jui Gadkari,Soap Actress,Female,15-Apr-18,,7,No,98,18,15-Apr-18,22-Jul-18,Mahesh Manjrekar,0,Colors Marathi,,5,0,0,,0
Marathi,1,Megha Dhade,Actress,Female,15-Apr-18,NA,NA,No,98,18,15-Apr-18,22-Jul-18,Mahesh Manjrekar,"50,00,000",Colors Marathi,,5,0,2,,1
Marathi,1,Pushkar Jog,Actor,Male,15-Apr-18,,14,No,98,18,15-Apr-18,22-Jul-18,Mahesh Manjrekar,0,Colors Marathi,,5,0,2,,0
Marathi,1,Rajesh Shringarpure,Actor,Male,15-Apr-18,,5,No,98,18,15-Apr-18,22-Jul-18,Mahesh Manjrekar,0,Colors Marathi,,2,0,0,,0
Marathi,1,Resham Tipnis,Actress,Female,15-Apr-18,,13,No,98,18,15-Apr-18,22-Jul-18,Mahesh Manjrekar,0,Colors Marathi,,7,0,1,,0
Marathi,1,Rutuja Dharmadhikari,Actress,Female,15-Apr-18,,6,No,98,18,15-Apr-18,22-Jul-18,Mahesh Manjrekar,0,Colors Marathi,,3,0,0,,0
Marathi,1,Sai Lokur,Actress,Female,15-Apr-18,,14,No,98,18,15-Apr-18,22-Jul-18,Mahesh Manjrekar,0,Colors Marathi,,7,0,2,,0
Marathi,1,Smita Gondkar,Actress,Female,15-Apr-18,,14,No,98,18,15-Apr-18,22-Jul-18,Mahesh Manjrekar,0,Colors Marathi,,8,0,1,,0
Marathi,1,Sushant Shelar,Actor,Male,15-Apr-18,,8,No,98,18,15-Apr-18,22-Jul-18,Mahesh Manjrekar,0,Colors Marathi,,5,0,1,,0
Marathi,1,Usha Nadkarni,Actress,Female,15-Apr-18,,11,No,98,18,15-Apr-18,22-Jul-18,Mahesh Manjrekar,0,Colors Marathi,,4,0,0,,0
Marathi,1,Vineet Bhonde,Actor,Male,15-Apr-18,,2,No,98,18,15-Apr-18,22-Jul-18,Mahesh Manjrekar,0,Colors Marathi,,1,0,1,,0
Marathi,1,Sharmishtha Raut,Actress,Female,,,14,Yes,98,18,15-Apr-18,22-Jul-18,Mahesh Manjrekar,0,Colors Marathi,,5,0,0,,0
Marathi,1,Tyagraj Khadilkar,Actor,Male,,,8,Yes,98,18,15-Apr-18,22-Jul-18,Mahesh Manjrekar,0,Colors Marathi,,1,0,0,,0
Marathi,1,Nandkishor Chaughule,Actor,Male,,,12,Yes,98,18,15-Apr-18,22-Jul-18,Mahesh Manjrekar,0,Colors Marathi,,2,0,0,,0
Marathi,2,Abhijit Awade Bichukale,Politician,Male,26-May-19,,4,No,98,17,26-May-19,01-Sep-19,Mahesh Manjrekar,0,Colors Marathi,,3,1,0,,0
Marathi,2,Abhijit Kelkar,Actor,Male,26-May-19,,11,No,98,17,26-May-19,01-Sep-19,Mahesh Manjrekar,0,Colors Marathi,,2,0,2,,0
Marathi,2,Digamber Naik,Actor,Male,26-May-19,,3,No,98,17,26-May-19,01-Sep-19,Mahesh Manjrekar,0,Colors Marathi,,1,0,0,,0
Marathi,2,Kishori Shahane Vij,Actress,Female,26-May-19,,14,No,98,17,26-May-19,01-Sep-19,Mahesh Manjrekar,0,Colors Marathi,,9,0,1,,0
Marathi,2,Maadhav C Deochake ,Actor,Male,26-May-19,,9,No,98,17,26-May-19,01-Sep-19,Mahesh Manjrekar,0,Colors Marathi,,4,0,1,,0
Marathi,2,Maitthily Jawkar,Actress,Female,26-May-19,,2,No,98,17,26-May-19,01-Sep-19,Mahesh Manjrekar,0,Colors Marathi,,1,0,0,,0
Marathi,2,Neha Shitole,Actress,Female,26-May-19,,14,No,98,17,26-May-19,01-Sep-19,Mahesh Manjrekar,0,Colors Marathi,,7,0,1,,0
Marathi,2,Parag Kanhere,Chef,Male,26-May-19,,5,No,98,17,26-May-19,01-Sep-19,Mahesh Manjrekar,0,Colors Marathi,,4,0,0,,0
Marathi,2,Rupali Bhosale,Soap Actress,Female,26-May-19,,10,No,98,17,26-May-19,01-Sep-19,Mahesh Manjrekar,0,Colors Marathi,,4,0,1,,0
Marathi,2,Shiv Thakre,Reality Show Alumni,Male,26-May-19,NA,NA,No,98,17,26-May-19,01-Sep-19,Mahesh Manjrekar,"50,00,000",Colors Marathi,,7,0,2,,1
Marathi,2,Shivani Surve,Actress,Female,26-May-19,,3,No,98,17,26-May-19,01-Sep-19,Mahesh Manjrekar,0,Colors Marathi,,2,1,1,,0
Marathi,2,Surekha Punekar ,Choreographer,Female,26-May-19,,6,No,98,17,26-May-19,01-Sep-19,Mahesh Manjrekar,0,Colors Marathi,,2,0,0,,0
Marathi,2,Vaishali Mhade,Singer,Female,26-May-19,,8,No,98,17,26-May-19,01-Sep-19,Mahesh Manjrekar,0,Colors Marathi,,3,0,1,,0
Marathi,2,Veena Jagtap,Actress,Female,26-May-19,,14,No,98,17,26-May-19,01-Sep-19,Mahesh Manjrekar,0,Colors Marathi,,9,0,0,,0
Marathi,2,Vidyadhar (Bappa) Joshi,Actor,Male,26-May-19,,4,No,98,17,26-May-19,01-Sep-19,Mahesh Manjrekar,0,Colors Marathi,,1,0,0,,0
Marathi,2,Heena Panchal,Choreographer,Female,,,12,Yes,98,17,26-May-19,01-Sep-19,Mahesh Manjrekar,0,Colors Marathi,,7,0,0,,0
Marathi,2,Aroh Velankar,Actor,Male,,,14,Yes,98,17,26-May-19,01-Sep-19,Mahesh Manjrekar,0,Colors Marathi,,4,0,0,,0
Bengali,1,Abhijeet Burman,Actor,Male,17-Jun-13,,12,No,90,15,17-Jun-13,14-Sep-13,Mithun Chakraborthy,0,ETV Bangla,2.9,,,,,0
Bengali,1,Aneek Dhar,Singer,Male,17-Jun-13,NA,NA,No,90,15,17-Jun-13,14-Sep-13,Mithun Chakraborthy,"30,00,000",ETV Bangla,2.9,,,,,1
Bengali,1,Iris Maity,Actress,Female,17-Jun-13,,7,No,90,15,17-Jun-13,14-Sep-13,Mithun Chakraborthy,0,ETV Bangla,2.9,,,,,0
Bengali,1,Kais Kalim,Gym Trainer,Male,17-Jun-13,,1,No,90,15,17-Jun-13,14-Sep-13,Mithun Chakraborthy,0,ETV Bangla,2.9,,,,,0
Bengali,1,Koneenica Banerjee,Actress,Female,17-Jun-13,14-Sep-13,13,No,90,15,17-Jun-13,14-Sep-13,Mithun Chakraborthy,0,ETV Bangla,2.9,,,,,0
Bengali,1,Mahesh Jalan,Astrologer,Male,17-Jun-13,,5,No,90,15,17-Jun-13,14-Sep-13,Mithun Chakraborthy,0,ETV Bangla,2.9,,,,,0
Bengali,1,Mallika Majumdar,Actress,Female,17-Jun-13,,11,No,90,15,17-Jun-13,14-Sep-13,Mithun Chakraborthy,0,ETV Bangla,2.9,,,,,0
Bengali,1,Manabi Banerjee,Author,Female,17-Jun-13,,3,No,90,15,17-Jun-13,14-Sep-13,Mithun Chakraborthy,0,ETV Bangla,2.9,,,,,0
Bengali,1,Nandini Pal,News Presenter,Female,17-Jun-13,,9,No,90,15,17-Jun-13,14-Sep-13,Mithun Chakraborthy,0,ETV Bangla,2.9,,,,,0
Bengali,1,Rudranil Ghosh,Actor,Male,17-Jun-13,14-Sep-13,13,No,90,15,17-Jun-13,14-Sep-13,Mithun Chakraborthy,0,ETV Bangla,2.9,,,,,0
Bengali,1,Sampurna Lahiri,Actress,Female,17-Jun-13,,6,No,90,15,17-Jun-13,14-Sep-13,Mithun Chakraborthy,0,ETV Bangla,2.9,,,,,0
Bengali,1,Sudipta Chakraborty,Actress,Female,17-Jun-13,14-Sep-13,13,No,90,15,17-Jun-13,14-Sep-13,Mithun Chakraborthy,0,ETV Bangla,2.9,,,,,0
Bengali,1,Vikram Chatterjee,Actor,Male,17-Jun-13,,8,No,90,15,17-Jun-13,14-Sep-13,Mithun Chakraborthy,0,ETV Bangla,2.9,,,,,0
Bengali,1,Kartik Das Baul,Singer,Male,,,10,Yes,90,15,17-Jun-13,14-Sep-13,Mithun Chakraborthy,0,ETV Bangla,2.9,,,,,0
Bengali,1,Carlyta Mouhini,International star,Female,,,12,Yes,90,15,17-Jun-13,14-Sep-13,Mithun Chakraborthy,0,ETV Bangla,2.9,,,,,0
Bengali,2,Aditi Chakraborty,Choreographer,Female,04-Apr-16,,,No,97,15,04-Apr-16,15-Jul-16,Jeet,0,Colors Bangla ,6.5,,,,,0
Bengali,2,Apurbo Roy,Comedian,Male,04-Apr-16,,,No,97,15,04-Apr-16,15-Jul-16,Jeet,0,Colors Bangla ,6.5,,,,,0
Bengali,2,Ena Saha,Actress,Female,04-Apr-16,,,No,97,15,04-Apr-16,15-Jul-16,Jeet,0,Colors Bangla ,6.5,,,,,0
Bengali,2,Joyjit Banerjee,Soap Actor,Male,04-Apr-16,,,No,97,15,04-Apr-16,15-Jul-16,Jeet,"30,00,000",Colors Bangla ,6.5,,,,,1
Bengali,2,Kamalika Banerjee,Soap Actress,Female,04-Apr-16,,,No,97,15,04-Apr-16,15-Jul-16,Jeet,0,Colors Bangla ,6.5,,,,,0
Bengali,2,Mainak Banerjee,Actor,Male,04-Apr-16,,,No,97,15,04-Apr-16,15-Jul-16,Jeet,0,Colors Bangla ,6.5,,,,,0
Bengali,2,Manabi Bandyopadhyay,LGBT,Transgender,04-Apr-16,,,No,97,15,04-Apr-16,15-Jul-16,Jeet,0,Colors Bangla ,6.5,,,,,0
Bengali,2,Mikhail Bora,Commoner,Male,04-Apr-16,,,No,97,15,04-Apr-16,15-Jul-16,Jeet,0,Colors Bangla ,6.5,,,,,0
Bengali,2,Prity Biswas,Soap Actress,Female,04-Apr-16,,,No,97,15,04-Apr-16,15-Jul-16,Jeet,0,Colors Bangla ,6.5,,,,,0
Bengali,2,Priya Paul,Soap Actress,Female,04-Apr-16,,,No,97,15,04-Apr-16,15-Jul-16,Jeet,0,Colors Bangla ,6.5,,,,,0
Bengali,2,Rii Sen,Actress,Female,04-Apr-16,,,No,97,15,04-Apr-16,15-Jul-16,Jeet,0,Colors Bangla ,6.5,,,,,0
Bengali,2,Sandy Rong,Reality Show Alumni,Male,04-Apr-16,,,No,97,15,04-Apr-16,15-Jul-16,Jeet,0,Colors Bangla ,6.5,,,,,0
Bengali,2,Shilajit Majumder,Singer,Male,04-Apr-16,,,No,97,15,04-Apr-16,15-Jul-16,Jeet,0,Colors Bangla ,6.5,,,,,0
Bengali,2,Aviral Sachdev,Reality Show Alumni,Male,04-Apr-16,,,Yes,97,15,04-Apr-16,15-Jul-16,Jeet,0,Colors Bangla ,6.5,,,,,0
Bengali,2,Srabanti Banerjee,Actress,Female,04-Apr-16,,,Yes,97,15,04-Apr-16,15-Jul-16,Jeet,0,Colors Bangla ,6.5,,,,,0
Malayalam,1,Aditi Rai,Actress,Female,24-Jun-18,,14,No,98,18,24-Jun-18,30-Sep-18,Mohanlal,0,Asianet,10.33,5,0,1,,0
Malayalam,1,Anoop Chandran,Actor,Male,24-Jun-18,,10,No,98,18,24-Jun-18,30-Sep-18,Mohanlal,0,Asianet,10.33,4,0,1,,0
Malayalam,1,Archana Suseelan,Actress,Female,24-Jun-18,,13,No,98,18,24-Jun-18,30-Sep-18,Mohanlal,0,Asianet,10.33,5,0,1,,0
Malayalam,1,Aristo Suresh,Actor,Male,24-Jun-18,,14,No,98,18,24-Jun-18,30-Sep-18,Mohanlal,0,Asianet,10.33,7,0,1,,0
Malayalam,1,Basheer Bashi,Actor,Male,24-Jun-18,,12,No,98,18,24-Jun-18,30-Sep-18,Mohanlal,0,Asianet,10.33,2,0,1,,0
Malayalam,1,David John,Soap Actor,Male,24-Jun-18,,1,No,98,18,24-Jun-18,30-Sep-18,Mohanlal,0,Asianet,10.33,1,0,0,,0
Malayalam,1,Deepan Murali,Soap Actor,Male,24-Jun-18,,4,No,98,18,24-Jun-18,30-Sep-18,Mohanlal,0,Asianet,10.33,2,0,0,,0
Malayalam,1,Diya Sana,Activist,Female,24-Jun-18,,6,No,98,18,24-Jun-18,30-Sep-18,Mohanlal,0,Asianet,10.33,2,0,0,,0
Malayalam,1,Hima Shankar,Actress,Female,24-Jun-18,,11,No,98,18,24-Jun-18,30-Sep-18,Mohanlal,0,Asianet,10.33,4,1,0,,0
Malayalam,1,Manoj K. Verma,Businessman,Male,24-Jun-18,,NA,No,98,18,24-Jun-18,30-Sep-18,Mohanlal,0,Asianet,10.33,0,0,0,,0
Malayalam,1,Pearle Maaney,Actress,Female,24-Jun-18,,14,No,98,18,24-Jun-18,30-Sep-18,Mohanlal,0,Asianet,10.33,9,0,1,,0
Malayalam,1,Ranjini Haridas,TV Anchor,Female,24-Jun-18,,9,No,98,18,24-Jun-18,30-Sep-18,Mohanlal,0,Asianet,10.33,2,0,2,,0
Malayalam,1,Sabumon Abdusamad,TV Anchor,Male,24-Jun-18,NA,NA,No,98,18,24-Jun-18,30-Sep-18,Mohanlal,"1,00,00,000",Asianet,10.33,5,0,1,,1
Malayalam,1,Shweta Menon,Actress,Female,24-Jun-18,,5,No,98,18,24-Jun-18,30-Sep-18,Mohanlal,0,Asianet,10.33,1,0,1,,0
Malayalam,1,Sreelakshmi Sreekumar,Actress,Female,24-Jun-18,,4,No,98,18,24-Jun-18,30-Sep-18,Mohanlal,0,Asianet,10.33,2,0,0,,0
Malayalam,1,Srinish Aravind,Soap Actor,Male,24-Jun-18,,14,No,98,18,24-Jun-18,30-Sep-18,Mohanlal,0,Asianet,10.33,7,0,2,,0
Malayalam,1,Anjali Ameer,Actress,Female,,,NA,Yes,98,18,24-Jun-18,30-Sep-18,Mohanlal,0,Asianet,10.33,5,0,0,,0
Malayalam,1,Shiyas Kareem,Actor,Male,,,14,Yes,98,18,24-Jun-18,30-Sep-18,Mohanlal,0,Asianet,10.33,0,0,1,,0
Malayalam,2,Alasandra Johnson,Model,Female,05-Jan-20,,,No,105,23,05-Jan-20,19-Apr-20,Mohanlal,,Asianet,11.03,4,1,0,,
Malayalam,2,Alina Padikkal,Soap Actress,Female,05-Jan-20,,,No,105,23,05-Jan-20,19-Apr-20,Mohanlal,,Asianet,11.03,3,1,0,,
Malayalam,2,Arya Rohit,Actress,Female,05-Jan-20,,,No,105,23,05-Jan-20,19-Apr-20,Mohanlal,,Asianet,11.03,5,0,0,,
Malayalam,2,Krishnajeev/Fukru,Social Media Star,Male,05-Jan-20,,,No,105,23,05-Jan-20,19-Apr-20,Mohanlal,,Asianet,11.03,2,0,3,,
Malayalam,2,Manju Sunichen/Pathrose,Soap Actress,Female,05-Jan-20,,7,No,105,23,05-Jan-20,19-Apr-20,Mohanlal,0,Asianet,11.03,2,0,0,,0
Malayalam,2,Pareekutty Perumbavoor,Actor,Male,05-Jan-20,26-Jan-20,3,No,105,23,05-Jan-20,19-Apr-20,Mohanlal,0,Asianet,11.03,1,0,0,,0
Malayalam,2,Pradeep Chandran,Actor,Male,05-Jan-20,,6,No,105,23,05-Jan-20,19-Apr-20,Mohanlal,0,Asianet,11.03,3,0,1,,0
Malayalam,2,Raghu Subhash,Radio Jockey,Male,05-Jan-20,,,No,105,23,05-Jan-20,19-Apr-20,Mohanlal,,Asianet,11.03,3,1,,,
Malayalam,2,Rajini Chandy,Actress,Female,05-Jan-20,19-Jan-20,2,No,105,23,05-Jan-20,19-Apr-20,Mohanlal,0,Asianet,11.03,1,0,1,,0
Malayalam,2,Rajith Kumar,Activist,Male,05-Jan-20,,,No,105,23,05-Jan-20,19-Apr-20,Mohanlal,0,Asianet,11.03,6,0,2,,0
Malayalam,2,Reshma Rajan/Nair,Model,Female,05-Jan-20,,,No,105,23,05-Jan-20,19-Apr-20,Mohanlal,0,Asianet,11.03,3,1,0,,0
Malayalam,2,Saju Navodaya,Actor,Male,05-Jan-20,,,No,105,23,05-Jan-20,19-Apr-20,Mohanlal,,Asianet,11.03,3,0,4,,
Malayalam,2,Somadas,Singer,Male,05-Jan-20,NA,NA,No,105,23,05-Jan-20,19-Apr-20,Mohanlal,0,Asianet,11.03,1,0,0,,0
Malayalam,2,Sujo Mathew,Model,Male,05-Jan-20,,,No,105,23,05-Jan-20,19-Apr-20,Mohanlal,,Asianet,11.03,3,1,0,,
Malayalam,2,Suresh Krishnan,Film Director,Male,05-Jan-20,26-Jan-20,3,No,105,23,05-Jan-20,19-Apr-20,Mohanlal,0,Asianet,11.03,1,0,0,,0
Malayalam,2,Thesni Khan,Actress,Female,05-Jan-20,,4,No,105,23,05-Jan-20,19-Apr-20,Mohanlal,0,Asianet,11.03,2,0,0,,0
Malayalam,2,Veena Nair,Actress,Female,05-Jan-20,,,No,105,23,05-Jan-20,19-Apr-20,Mohanlal,0,Asianet,11.03,7,0,0,,0
Malayalam,2,Daya Ashwathy/Achu,Social Media Star,Female,26-Jan-20,,,Yes,105,23,05-Jan-20,19-Apr-20,Mohanlal,,Asianet,11.03,4,1,0,,
Malayalam,2,Jazla Madassery,Activist,Female,26-Jan-20,,8,Yes,105,23,05-Jan-20,19-Apr-20,Mohanlal,0,Asianet,11.03,4,0,0,,0
Malayalam,2,Pavan Gino Thomas,Model,Male,,NA,NA,Yes,105,23,05-Jan-20,19-Apr-20,Mohanlal,0,Asianet,11.03,0,0,0,,0
Malayalam,2,Sooraj,Radio Jockey,Male,,,8,Yes,105,23,05-Jan-20,19-Apr-20,Mohanlal,0,Asianet,11.03,2,0,0,,0
Malayalam,2,Abhirami Suresh,Actress,Female,,,,Yes,105,23,05-Jan-20,19-Apr-20,Mohanlal,,Asianet,11.03,3,0,0,,
Malayalam,2,Amrutha Suresh,Singer,Female,,,,Yes,105,23,05-Jan-20,19-Apr-20,Mohanlal,,Asianet,11.03,3,0,0,,
